Sequence_ID	sample_name
OTU_35	P1_E12_PI600723_R3
OTU_143	P1_E12_PI600723_R3
OTU_155	P1_E12_PI600723_R3
OTU_14	P1_E12_PI600723_R3
OTU_34	P1_E12_PI600723_R3
OTU_23	P1_E12_PI600723_R3
OTU_13	P1_E12_PI600723_R3
OTU_226	P1_G7_PI650515_R3
OTU_27	P1_G8_PI650798_R3
OTU_347	P1_H8_HA441_R3
OTU_2	P1_E12_PI600723_R3
OTU_7	P1_E12_PI600723_R3
OTU_4	P1_E12_PI600723_R3
OTU_10	P1_E12_PI600723_R3
OTU_12	P1_E12_PI600723_R3
OTU_45	P1_E12_PI600723_R3
OTU_97	P1_E12_PI600723_R3
OTU_1	P1_E12_PI600723_R3
OTU_3	P1_E12_PI600723_R3
OTU_38	P1_E12_PI600723_R3
OTU_18	P1_E12_PI600723_R3
OTU_26	P1_E12_PI600723_R3
OTU_152	P1_H6_PI507903_R1
OTU_281	P1_H6_PI507903_R1
OTU_5	P1_G8_PI650798_R3
OTU_156	P3_D11_PI507925_R3
OTU_8	P1_E12_PI600723_R3
OTU_11	P1_E12_PI600723_R3
OTU_21	P1_E12_PI600723_R3
OTU_56	P1_E12_PI600723_R3
OTU_76	P1_H6_PI507903_R1
OTU_60	P1_E12_PI600723_R3
OTU_92	P1_E12_PI600723_R3
OTU_118	P1_E12_PI600723_R3
OTU_1696	P2_E10_PI650349_R1
OTU_393	P2_H9_PI531360_R3
OTU_9	P1_E12_PI600723_R3
OTU_302	P1_E12_PI600723_R3
OTU_30	P1_E12_PI600723_R3
OTU_51	P1_E12_PI600723_R3
OTU_29	P1_E12_PI600723_R3
OTU_33	P1_E12_PI600723_R3
OTU_25	P1_E12_PI600723_R3
OTU_20	P1_E12_PI600723_R3
OTU_64	P1_E12_PI600723_R3
OTU_47	P1_E12_PI600723_R3
OTU_15	P1_E12_PI600723_R3
OTU_82	P1_E12_PI600723_R3
OTU_43	P1_E12_PI600723_R3
OTU_121	P1_E12_PI600723_R3
OTU_16	P1_E12_PI600723_R3
OTU_115	P1_H6_PI507903_R1
OTU_400	P1_F6_PI535892_R1
OTU_22	P1_E12_PI600723_R3
OTU_17	P1_E12_PI600723_R3
OTU_81	P1_E12_PI600723_R3
OTU_99	P1_E12_PI600723_R3
OTU_19	P1_E12_PI600723_R3
OTU_65	P1_E12_PI600723_R3
OTU_80	P1_E12_PI600723_R3
OTU_39	P1_E12_PI600723_R3
OTU_95	P1_E12_PI600723_R3
OTU_189	P1_E12_PI600723_R3
OTU_381	P1_A6_PI650803_R1
OTU_63	P1_G8_PI650798_R3
OTU_59	P1_E12_PI600723_R3
OTU_77	P1_E12_PI600723_R3
OTU_131	P1_H6_PI507903_R1
OTU_93	P1_E12_PI600723_R3
OTU_568	P1_H8_HA441_R3
OTU_87	P1_E12_PI600723_R3
OTU_134	P1_E12_PI600723_R3
OTU_310	P1_G8_PI650798_R3
OTU_109	P1_H6_PI507903_R1
OTU_225	P1_E12_PI600723_R3
OTU_31	P1_E12_PI600723_R3
OTU_986	P1_D11_PI526252_R3
OTU_52	P1_E12_PI600723_R3
OTU_58	P1_E12_PI600723_R3
OTU_66	P1_E12_PI600723_R3
OTU_62	P1_E12_PI600723_R3
OTU_592	P1_G8_PI650798_R3
OTU_88	P1_E12_PI600723_R3
OTU_185	P1_H6_PI507903_R1
OTU_129	P1_H6_PI507903_R1
OTU_808	P1_E12_PI600723_R3
OTU_1899	P1_H8_HA441_R3
OTU_94	P1_H6_PI507903_R1
OTU_291	P1_E12_PI600723_R3
OTU_158	P1_G8_PI650798_R3
OTU_69	P1_E12_PI600723_R3
OTU_79	P1_E12_PI600723_R3
OTU_44	P1_E12_PI600723_R3
OTU_117	P1_E12_PI600723_R3
OTU_278	P1_H6_PI507903_R1
OTU_474	P1_H8_HA441_R3
OTU_193	P1_E12_PI600723_R3
OTU_356	P1_F3_PI531366_R3
OTU_112	P1_E12_PI600723_R3
OTU_311	P1_G7_PI650515_R3
OTU_250	P1_E12_PI600723_R3
OTU_1263	P1_H6_PI507903_R1
OTU_287	P1_G7_PI650515_R3
OTU_154	P1_E12_PI600723_R3
OTU_195	P1_E12_PI600723_R3
OTU_96	P1_H6_PI507903_R1
OTU_145	P1_H8_HA441_R3
OTU_139	P1_E12_PI600723_R3
OTU_126	P1_E12_PI600723_R3
OTU_101	P1_E12_PI600723_R3
OTU_57	P1_E12_PI600723_R3
OTU_84	P1_E12_PI600723_R3
OTU_78	P1_E12_PI600723_R3
OTU_948	P1_A6_PI650803_R1
OTU_266	P1_E12_PI600723_R3
OTU_188	P1_E12_PI600723_R3
OTU_2507	P1_H11_PI650757_R1
OTU_1756	P1_A4_PI650837_R1
OTU_132	P1_G8_PI650798_R3
OTU_125	P3_G6_PI511760_R2
OTU_104	P1_F6_PI535892_R1
OTU_111	P1_E12_PI600723_R3
OTU_167	P1_H6_PI507903_R1
OTU_441	P1_G8_PI650798_R3
OTU_49	P1_E12_PI600723_R3
OTU_98	P1_E12_PI600723_R3
OTU_54	P1_E12_PI600723_R3
OTU_230	P1_E12_PI600723_R3
OTU_149	P1_E12_PI600723_R3
OTU_70	P1_E12_PI600723_R3
OTU_48	P1_E12_PI600723_R3
OTU_166	P1_E12_PI600723_R3
OTU_236	P1_E12_PI600723_R3
OTU_280	P1_E12_PI600723_R3
OTU_201	P1_E12_PI600723_R3
OTU_271	P1_H3_PI600718_R3
OTU_147	P1_H6_PI507903_R1
OTU_71	P1_E12_PI600723_R3
OTU_74	P1_E12_PI600723_R3
OTU_522	P1_G8_PI650798_R3
OTU_138	P1_G8_PI650798_R3
OTU_361	P1_H8_HA441_R3
OTU_182	P1_E12_PI600723_R3
OTU_191	P1_H6_PI507903_R1
OTU_1385	P3_G6_PI511760_R2
OTU_297	P1_F6_PI535892_R1
OTU_255	P1_E12_PI600723_R3
OTU_231	P1_G8_PI650798_R3
OTU_163	P1_G7_PI650515_R3
OTU_212	P1_E12_PI600723_R3
OTU_234	P1_G8_PI650798_R3
OTU_162	P1_G8_PI650798_R3
OTU_637	P1_G7_PI650515_R3
OTU_241	P1_E12_PI600723_R3
OTU_460	P1_G8_PI650798_R3
OTU_224	P1_E12_PI600723_R3
OTU_561	P1_G8_PI650798_R3
OTU_181	P1_E12_PI600723_R3
OTU_75	P1_E12_PI600723_R3
OTU_325	P1_G5_PI650778_R1
OTU_217	P1_E12_PI600723_R3
OTU_1010	P1_E6_PI526257_R1
OTU_91	P1_E12_PI600723_R3
OTU_178	P4_A9_PI531360_R4
OTU_90	P1_E12_PI600723_R3
OTU_124	P1_H6_PI507903_R1
OTU_198	P1_G7_PI650515_R3
OTU_415	P1_H6_PI507903_R1
OTU_68	P1_E12_PI600723_R3
OTU_883	P1_G5_PI650778_R1
OTU_184	P1_H8_HA441_R3
OTU_237	P1_F6_PI535892_R1
OTU_1361	P2_D9_HA412HO_R4
OTU_374	P1_E12_PI600723_R3
OTU_168	P1_E12_PI600723_R3
OTU_2436	P3_G4_RHA409_R2
OTU_180	P1_E12_PI600723_R3
OTU_456	P1_G4_PI432519_R1
OTU_216	P1_E12_PI600723_R3
OTU_1173	P3_D11_PI507925_R3
OTU_586	P3_G6_PI511760_R2
OTU_698	P1_H6_PI507903_R1
OTU_196	P1_G8_PI650798_R3
OTU_834	P1_H3_PI600718_R3
OTU_85	P1_E12_PI600723_R3
OTU_1143	P1_H6_PI507903_R1
OTU_208	P2_H9_PI531360_R3
OTU_258	P1_E12_PI600723_R3
OTU_571	P1_F6_PI535892_R1
OTU_151	P1_H6_PI507903_R1
OTU_1132	P1_F3_PI531366_R3
OTU_338	P1_E12_PI600723_R3
OTU_560	P1_E12_PI600723_R3
OTU_102	P1_E12_PI600723_R3
OTU_323	P1_G8_PI650798_R3
OTU_353	P1_G8_PI650798_R3
OTU_227	P1_G8_PI650798_R3
OTU_875	P1_B7_PI526263_R3
OTU_120	P1_E12_PI600723_R3
OTU_130	P1_E12_PI600723_R3
OTU_209	P1_E12_PI600723_R3
OTU_86	P1_E12_PI600723_R3
OTU_1107	P1_G5_PI650778_R1
OTU_320	P1_H6_PI507903_R1
OTU_197	P3_G6_PI511760_R2
OTU_420	P2_C9_PI650760_R3
OTU_1415	P1_A8_PI600807_R3
OTU_164	P1_E12_PI600723_R3
OTU_542	P1_B7_PI526263_R3
OTU_240	P4_G2_PI650525_R4
OTU_221	P1_G7_PI650515_R3
OTU_911	P1_A12_PI650818_R3
OTU_537	P4_G2_PI650525_R4
OTU_141	P1_H8_HA441_R3
OTU_83	P1_E12_PI600723_R3
OTU_639	P1_G4_PI432519_R1
OTU_248	P1_G8_PI650798_R3
OTU_202	P1_G8_PI650798_R3
OTU_199	P1_E12_PI600723_R3
OTU_2182	P1_A8_PI600807_R3
OTU_480	P1_H6_PI507903_R1
OTU_239	P1_G8_PI650798_R3
OTU_442	P1_F3_PI531366_R3
OTU_172	P1_E12_PI600723_R3
OTU_417	P1_F6_PI535892_R1
OTU_313	P1_E12_PI600723_R3
OTU_1064	P1_G4_PI432519_R1
OTU_928	P4_D4_PI650687_R4
OTU_1252	P3_H6_PI650386_R2
OTU_375	P3_G6_PI511760_R2
OTU_504	P1_G8_PI650798_R3
OTU_1758	P1_H1_PI650758_R1
OTU_305	P1_F6_PI535892_R1
OTU_587	P1_E12_PI600723_R3
OTU_2560	P1_G5_PI650778_R1
OTU_207	P1_E12_PI600723_R3
OTU_476	P1_H8_HA441_R3
OTU_89	P1_E12_PI600723_R3
OTU_703	P3_D11_PI507925_R3
OTU_913	P1_H5_PI650807_R1
OTU_220	P1_G8_PI650798_R3
OTU_249	P1_G8_PI650798_R3
OTU_279	P1_E12_PI600723_R3
OTU_157	P1_E12_PI600723_R3
OTU_284	P1_F6_PI535892_R1
OTU_153	P1_E12_PI600723_R3
OTU_142	P1_H6_PI507903_R1
OTU_159	P1_E12_PI600723_R3
OTU_777	P1_F3_PI531366_R3
OTU_2175	P1_E4_PI650513_R1
OTU_489	P1_F6_PI535892_R1
OTU_135	P1_E12_PI600723_R3
OTU_171	P1_G8_PI650798_R3
OTU_390	P1_H6_PI507903_R1
OTU_378	P2_H9_PI531360_R3
OTU_261	P1_E12_PI600723_R3
OTU_1117	P2_H5_PI531341_R1
OTU_61	P1_E12_PI600723_R3
OTU_515	P1_E12_PI600723_R3
OTU_2514	P4_H2_PI650814_R4
OTU_1039	P4_G2_PI650525_R4
OTU_128	P1_G8_PI650798_R3
OTU_333	P1_G8_PI650798_R3
OTU_148	P1_H6_PI507903_R1
OTU_386	P1_E12_PI600723_R3
OTU_801	P1_F8_PI650349_R3
OTU_146	P1_E12_PI600723_R3
OTU_211	P1_H3_PI600718_R3
OTU_205	P1_A8_PI600807_R3
OTU_161	P1_E12_PI600723_R3
OTU_505	P1_F8_PI650349_R3
OTU_792	P1_F5_PI543006_R1
OTU_275	P1_E12_PI600723_R3
OTU_73	P1_E12_PI600723_R3
OTU_183	P1_G8_PI650798_R3
OTU_411	P1_H8_HA441_R3
OTU_493	P1_E12_PI600723_R3
OTU_247	P1_E12_PI600723_R3
OTU_238	P1_H6_PI507903_R1
OTU_299	P1_E12_PI600723_R3
OTU_385	P1_H6_PI507903_R1
OTU_150	P1_F3_PI531366_R3
OTU_242	P1_E12_PI600723_R3
OTU_573	P1_H5_PI650807_R1
OTU_401	P1_E12_PI600723_R3
OTU_416	P1_G7_PI650515_R3
OTU_641	P1_F6_PI535892_R1
OTU_479	P1_H8_HA441_R3
OTU_107	P1_E12_PI600723_R3
OTU_1102	P1_F6_PI535892_R1
OTU_771	P1_G4_PI432519_R1
OTU_350	P1_H6_PI507903_R1
OTU_272	P1_H3_PI600718_R3
OTU_204	P1_E12_PI600723_R3
OTU_358	P1_H6_PI507903_R1
OTU_222	P1_G8_PI650798_R3
OTU_215	P1_F3_PI531366_R3
OTU_307	P1_H6_PI507903_R1
OTU_187	P1_E12_PI600723_R3
OTU_1408	P3_C6_PI650798_R2
OTU_457	P1_G7_PI650515_R3
OTU_273	P3_A3_PI650822_R4
OTU_685	P1_F4_HA441_R1
OTU_303	P1_A2_PI531378_R1
OTU_173	P1_E12_PI600723_R3
OTU_276	P1_H6_PI507903_R1
OTU_712	P1_F8_PI650349_R3
OTU_144	P1_E12_PI600723_R3
OTU_577	P1_F6_PI535892_R1
OTU_764	P1_A6_PI650803_R1
OTU_413	P1_E12_PI600723_R3
OTU_999	P1_G8_PI650798_R3
OTU_206	P1_E12_PI600723_R3
OTU_274	P3_G6_PI511760_R2
OTU_758	P1_H4_PI650515_R1
OTU_165	P1_H6_PI507903_R1
OTU_293	P1_E12_PI600723_R3
OTU_957	P1_E7_PI526257_R3
OTU_309	P1_E12_PI600723_R3
OTU_631	P1_A2_PI531378_R1
OTU_440	P3_H6_PI650386_R2
OTU_971	P1_H6_PI507903_R1
OTU_455	P1_A9_PI600725_R3
OTU_1164	P1_H8_HA441_R3
OTU_282	P3_B4_PI536628_R4
OTU_223	P1_H6_PI507903_R1
OTU_1123	P1_H6_PI507903_R1
OTU_488	P1_E12_PI600723_R3
OTU_1275	P1_A5_PI650490_R1
OTU_572	P1_E12_PI600723_R3
OTU_1041	P1_H1_PI650758_R1
OTU_269	P1_G8_PI650798_R3
OTU_295	P3_C6_PI650798_R2
OTU_658	P1_G7_PI650515_R3
OTU_1482	P1_G7_PI650515_R3
OTU_650	P1_E12_PI600723_R3
OTU_229	P1_H8_HA441_R3
OTU_122	P1_G7_PI650515_R3
OTU_110	P1_G8_PI650798_R3
OTU_103	P1_A2_PI531378_R1
OTU_618	P1_G7_PI650515_R3
OTU_889	P1_C3_PI650829_R1
OTU_265	P3_D11_PI507925_R3
OTU_391	P1_F6_PI535892_R1
OTU_660	P2_B7_PI650789_R1
OTU_2357	P1_E7_PI526257_R3
OTU_1974	P1_G7_PI650515_R3
OTU_1487	P1_A12_PI650818_R3
OTU_300	P1_G8_PI650798_R3
OTU_500	P2_H9_PI531360_R3
OTU_2409	P1_E3_PI476759_R3
OTU_711	P1_E12_PI600723_R3
OTU_2392	P2_E3_PI431520_R4
OTU_179	P1_E12_PI600723_R3
OTU_1369	P1_F6_PI535892_R1
OTU_298	P1_H8_HA441_R3
OTU_800	P1_F3_PI531366_R3
OTU_1599	P3_C6_PI650798_R2
OTU_891	P1_E10_PI650786_R1
OTU_729	P1_F6_PI535892_R1
OTU_336	P1_F6_PI535892_R1
OTU_383	P1_E12_PI600723_R3
OTU_214	P1_H6_PI507903_R1
OTU_519	P1_H6_PI507903_R1
OTU_470	P1_A6_PI650803_R1
OTU_368	P3_D11_PI507925_R3
OTU_170	P3_D11_PI507925_R3
OTU_555	P1_G4_PI432519_R1
OTU_264	P1_E12_PI600723_R3
OTU_439	P1_A4_PI650837_R1
OTU_582	P1_A6_PI650803_R1
OTU_233	P1_E12_PI600723_R3
OTU_679	P3_D11_PI507925_R3
OTU_343	P1_G8_PI650798_R3
OTU_769	P1_H6_PI507903_R1
OTU_781	P1_E12_PI600723_R3
OTU_684	P3_G6_PI511760_R2
OTU_636	P1_G7_PI650515_R3
OTU_1972	P3_G6_PI511760_R2
OTU_329	P1_H8_HA441_R3
OTU_672	P1_F8_PI650349_R3
OTU_267	P1_E12_PI600723_R3
OTU_246	P1_G8_PI650798_R3
OTU_376	P1_G8_PI650798_R3
OTU_743	P1_C3_PI650829_R1
OTU_331	P3_G6_PI511760_R2
OTU_2434	P1_G4_PI432519_R1
OTU_137	P1_H6_PI507903_R1
OTU_954	P3_H6_PI650386_R2
OTU_1924	P4_H2_PI650814_R4
OTU_1526	P1_G7_PI650515_R3
OTU_947	P1_H8_HA441_R3
OTU_219	P1_H6_PI507903_R1
OTU_827	P1_H6_PI507903_R1
OTU_1451	P1_E3_PI476759_R3
OTU_243	P1_E12_PI600723_R3
OTU_421	P1_G7_PI650515_R3
OTU_1965	P1_H4_PI650515_R1
OTU_429	P1_H6_PI507903_R1
OTU_1456	P3_C6_PI650798_R2
OTU_567	P1_B3_PI531365_R1
OTU_543	P1_E4_PI650513_R1
OTU_363	P1_H6_PI507903_R1
OTU_289	P1_E12_PI600723_R3
OTU_491	P1_F6_PI535892_R1
OTU_1817	P2_H6_PI526258_R1
OTU_1264	P1_A9_PI600725_R3
OTU_405	P1_F6_PI535892_R1
OTU_2118	P1_G4_PI432519_R1
OTU_506	P1_G4_PI432519_R1
OTU_601	P3_D11_PI507925_R3
OTU_517	P1_F3_PI531366_R3
OTU_486	P1_F3_PI531366_R3
OTU_428	P1_G7_PI650515_R3
OTU_884	P2_H6_PI526258_R1
OTU_296	P1_A8_PI600807_R3
OTU_779	P3_B4_PI536628_R4
OTU_715	P2_H5_PI531341_R1
OTU_1330	P1_B7_PI526263_R3
OTU_349	P1_H6_PI507903_R1
OTU_408	P1_E7_PI526257_R3
OTU_259	P1_F6_PI535892_R1
OTU_449	P1_G7_PI650515_R3
OTU_443	P1_E12_PI600723_R3
OTU_861	P4_G2_PI650525_R4
OTU_570	P3_B4_PI536628_R4
OTU_495	P3_H2_PI507913_R4
OTU_2675	P2_F10_PI507903_R3
OTU_1472	P2_H6_PI526258_R1
OTU_1066	P1_E7_PI526257_R3
OTU_860	P1_H6_PI507903_R1
OTU_1439	P1_G8_PI650798_R3
OTU_1586	P1_G3_PI600719_R1
OTU_2798	P2_H7_PI596742_R3
OTU_2105	P1_G7_PI650515_R3
OTU_1299	P1_A8_PI600807_R3
OTU_379	P2_H9_PI531360_R3
OTU_556	P1_E12_PI600723_R3
OTU_554	P1_H8_HA441_R3
OTU_406	P1_G8_PI650798_R3
OTU_451	P1_H6_PI507903_R1
OTU_360	P1_E12_PI600723_R3
OTU_1632	P1_G7_PI650515_R3
OTU_304	P1_F6_PI535892_R1
OTU_867	P3_D11_PI507925_R3
OTU_394	P1_H6_PI507903_R1
OTU_824	P1_B4_PI650756_R1
OTU_878	P2_H9_PI531360_R3
OTU_492	P1_H8_HA441_R3
OTU_936	P3_D11_PI507925_R3
OTU_200	P1_H6_PI507903_R1
OTU_2289	P4_G2_PI650525_R4
OTU_355	P1_G8_PI650798_R3
OTU_357	P1_G7_PI650515_R3
OTU_186	P1_E12_PI600723_R3
OTU_213	P1_H6_PI507903_R1
OTU_893	P1_G8_PI650798_R3
OTU_1346	P3_C6_PI650798_R2
OTU_673	P1_E12_PI600723_R3
OTU_732	P1_H3_PI600718_R3
OTU_399	P1_H3_PI600718_R3
OTU_1114	P3_H6_PI650386_R2
OTU_194	P1_F6_PI535892_R1
OTU_817	P1_H8_HA441_R3
OTU_1394	P1_G7_PI650515_R3
OTU_345	P1_F6_PI535892_R1
OTU_288	P1_E12_PI600723_R3
OTU_1020	P1_H6_PI507903_R1
OTU_392	P1_E12_PI600723_R3
OTU_285	P1_E12_PI600723_R3
OTU_509	P3_G6_PI511760_R2
OTU_458	P1_F3_PI531366_R3
OTU_2292	P1_B1_PI650653_R1
OTU_252	P2_H9_PI531360_R3
OTU_314	P2_C10_PI596744_R3
OTU_646	P1_H6_PI507903_R1
OTU_944	P1_E12_PI600723_R3
OTU_365	P1_H6_PI507903_R1
OTU_702	P1_G12_PI507900_R1
OTU_2329	P1_H4_PI650515_R1
OTU_322	P3_D8_PI650813_R2
OTU_562	P3_D11_PI507925_R3
OTU_292	P1_G7_PI650515_R3
OTU_610	P1_A2_PI531378_R1
OTU_953	P1_G5_PI650778_R1
OTU_527	P1_F8_PI650349_R3
OTU_1444	P1_F6_PI535892_R1
OTU_663	P1_G7_PI650515_R3
OTU_1834	P1_E12_PI600723_R3
OTU_437	P3_D11_PI507925_R3
OTU_203	P1_E12_PI600723_R3
OTU_970	P1_E1_RHA373_R1
OTU_2345	P1_A8_PI600807_R3
OTU_466	P3_B4_PI536628_R4
OTU_1854	P1_A4_PI650837_R1
OTU_1110	P1_E6_PI526257_R1
OTU_1336	P1_B7_PI526263_R3
OTU_589	P3_D11_PI507925_R3
OTU_710	P1_B7_PI526263_R3
OTU_387	P1_G8_PI650798_R3
OTU_364	P1_A5_PI650490_R1
OTU_407	P1_G8_PI650798_R3
OTU_656	P1_B7_PI526263_R3
OTU_397	P1_H6_PI507903_R1
OTU_410	P1_H6_PI507903_R1
OTU_859	P1_E12_PI600723_R3
OTU_316	P1_F6_PI535892_R1
OTU_761	P1_H8_HA441_R3
OTU_256	P1_E12_PI600723_R3
OTU_1522	P2_B9_PI650787_R3
OTU_260	P3_C6_PI650798_R2
OTU_340	P1_F6_PI535892_R1
OTU_825	P1_G7_PI650515_R3
OTU_541	P1_G7_PI650515_R3
OTU_1003	P1_G7_PI650515_R3
OTU_829	P3_C6_PI650798_R2
OTU_263	P1_H6_PI507903_R1
OTU_2683	P4_A9_PI531360_R4
OTU_1496	P1_G5_PI650778_R1
OTU_359	P1_G8_PI650798_R3
OTU_856	P2_C4_PI650776_R3
OTU_1348	P3_G6_PI511760_R2
OTU_848	P1_G8_PI650798_R3
OTU_731	P1_F5_PI543006_R1
OTU_674	P1_B7_PI526263_R3
OTU_744	P1_F8_PI650349_R3
OTU_528	P1_H3_PI600718_R3
OTU_759	P1_F6_PI535892_R1
OTU_332	P1_G4_PI432519_R1
OTU_254	P1_E12_PI600723_R3
OTU_366	P1_F3_PI531366_R3
OTU_454	P1_G8_PI650798_R3
OTU_514	P1_A9_PI600725_R3
OTU_1452	P1_A6_PI650803_R1
OTU_716	P1_G8_PI650798_R3
OTU_395	P3_D11_PI507925_R3
OTU_1757	P1_A2_PI531378_R1
OTU_2468	P1_G9_PI650836_R3
OTU_691	P3_G4_RHA409_R2
OTU_2912	P1_A8_PI600807_R3
OTU_981	P3_D12_PI526267_R3
OTU_590	P2_C9_PI650760_R3
OTU_341	P1_A6_PI650803_R1
OTU_539	P1_H8_HA441_R3
OTU_675	P1_B7_PI526263_R3
OTU_2840	P1_F3_PI531366_R3
OTU_2757	P1_H3_PI600718_R3
OTU_549	P3_C4_PI531343_R4
OTU_2784	P1_G4_PI432519_R1
OTU_647	P1_H6_PI507903_R1
OTU_160	P1_H6_PI507903_R1
OTU_424	P3_G6_PI511760_R2
OTU_951	P3_G6_PI511760_R2
OTU_367	P1_E12_PI600723_R3
OTU_1163	P2_C10_PI596744_R3
OTU_766	P1_H6_PI507903_R1
OTU_2048	P1_B8_PI526260_R3
OTU_262	P3_G6_PI511760_R2
OTU_772	P1_G4_PI432519_R1
OTU_750	P1_G4_PI432519_R1
OTU_2078	P1_C2_PI650808_R1
OTU_438	P1_G4_PI432519_R1
OTU_499	P1_F6_PI535892_R1
OTU_1256	P1_E8_PI543006_R3
OTU_544	P3_D11_PI507925_R3
OTU_1383	P3_D11_PI507925_R3
OTU_638	P1_G8_PI650798_R3
OTU_371	P3_G6_PI511760_R2
OTU_426	P3_D11_PI507925_R3
OTU_1295	P1_E7_PI526257_R3
OTU_547	P1_H3_PI600718_R3
OTU_623	P1_H7_PI531378_R3
OTU_482	P1_H6_PI507903_R1
OTU_600	P1_A4_PI650837_R1
OTU_950	P1_A8_PI600807_R3
OTU_809	P1_E12_PI600723_R3
OTU_611	P1_G8_PI650798_R3
OTU_726	P1_F6_PI535892_R1
OTU_1687	P1_E12_PI600723_R3
OTU_412	P3_D11_PI507925_R3
OTU_526	P1_F3_PI531366_R3
OTU_534	P1_H6_PI507903_R1
OTU_1901	P3_E8_PI650541_R2
OTU_1083	P1_H5_PI650807_R1
OTU_1057	P3_C6_PI650798_R2
OTU_657	P1_G5_PI650778_R1
OTU_283	P3_C6_PI650798_R2
OTU_380	P1_G8_PI650798_R3
OTU_464	P1_H6_PI507903_R1
OTU_612	P1_F6_PI535892_R1
OTU_513	P1_G7_PI650515_R3
OTU_1044	P1_F6_PI535892_R1
OTU_652	P1_G8_PI650798_R3
OTU_901	P1_H6_PI507903_R1
OTU_372	P1_H3_PI600718_R3
OTU_1280	P1_C6_PI600723_R1
OTU_1170	P1_E1_RHA373_R1
OTU_516	P3_B4_PI536628_R4
OTU_2831	P1_H5_PI650807_R1
OTU_977	P1_G7_PI650515_R3
OTU_897	P3_D8_PI650813_R2
OTU_324	P1_H10_PI650839_R1
OTU_2271	P3_G2_PI531365_R3
OTU_661	P3_B4_PI536628_R4
OTU_2780	P5_A2_PI531362_R2
OTU_315	P1_G7_PI650515_R3
OTU_1087	P1_H6_PI507903_R1
OTU_548	P1_E12_PI600723_R3
OTU_895	P1_G7_PI650515_R3
OTU_602	P1_G7_PI650515_R3
OTU_1298	P1_F8_PI650349_R3
OTU_830	P1_E12_PI600723_R3
OTU_1379	P1_G7_PI650515_R3
OTU_328	P2_H9_PI531360_R3
OTU_450	P1_G4_PI432519_R1
OTU_533	P1_E12_PI600723_R3
OTU_1276	P2_E8_PI650736_R4
OTU_886	P1_A2_PI531378_R1
OTU_844	P1_C3_PI650829_R1
OTU_653	P1_E12_PI600723_R3
OTU_435	P1_H6_PI507903_R1
OTU_497	P1_F8_PI650349_R3
OTU_868	P2_H9_PI531360_R3
OTU_923	P3_G6_PI511760_R2
OTU_651	P1_A2_PI531378_R1
OTU_887	P1_G8_PI650798_R3
OTU_1152	P1_C3_PI650829_R1
OTU_1353	P1_G8_PI650798_R3
OTU_452	P1_H8_HA441_R3
OTU_462	P1_H8_HA441_R3
OTU_1198	P2_G11_PI531388_R3
OTU_1595	P1_C6_PI600723_R1
OTU_2285	P2_D9_HA412HO_R4
OTU_1342	P1_E12_PI600723_R3
OTU_530	P1_H8_HA441_R3
OTU_751	P2_H9_PI531360_R3
OTU_2226	P4_A1_PI531356_R3
OTU_563	P1_A2_PI531378_R1
OTU_1525	P3_D11_PI507925_R3
OTU_644	P3_B4_PI536628_R4
OTU_2360	P3_E6_PI531381_R2
OTU_1736	P3_B4_PI536628_R4
OTU_335	P1_G4_PI432519_R1
OTU_398	P1_G7_PI650515_R3
OTU_699	P3_D12_PI526267_R3
OTU_1098	P3_H6_PI650386_R2
OTU_1587	P2_B9_PI650787_R3
OTU_312	P1_H6_PI507903_R1
OTU_2080	P1_C7_PI650796_R3
OTU_888	P1_H6_PI507903_R1
OTU_467	P1_H6_PI507903_R1
OTU_773	P2_H5_PI531341_R1
OTU_1870	P3_H6_PI650386_R2
OTU_520	P1_G4_PI432519_R1
OTU_1975	P1_G7_PI650515_R3
OTU_835	P1_A7_PI526263_R1
OTU_735	P1_E12_PI600723_R3
OTU_728	P1_E7_PI526257_R3
OTU_472	P1_E12_PI600723_R3
OTU_1141	P1_H6_PI507903_R1
OTU_1396	P1_D3_PI650796_R1
OTU_2776	P1_E3_PI476759_R3
OTU_2423	P1_F8_PI650349_R3
OTU_1053	P1_E12_PI600723_R3
OTU_793	P1_H3_PI600718_R3
OTU_1148	P3_C6_PI650798_R2
OTU_2138	P1_C1_PI526254_R1
OTU_819	P1_E7_PI526257_R3
OTU_725	P1_H3_PI600718_R3
OTU_640	P1_E12_PI600723_R3
OTU_1555	P1_A4_PI650837_R1
OTU_1355	P1_A9_PI600725_R3
OTU_427	P3_D11_PI507925_R3
OTU_419	P3_G6_PI511760_R2
OTU_337	P1_F8_PI650349_R3
OTU_837	P1_F4_HA441_R1
OTU_2194	P1_B7_PI526263_R3
OTU_494	P2_H9_PI531360_R3
OTU_1176	P2_E10_PI650349_R1
OTU_921	P1_F4_HA441_R1
OTU_1559	P2_B6_PI531386_R1
OTU_1162	P1_F6_PI535892_R1
OTU_762	P1_G8_PI650798_R3
OTU_754	P1_E12_PI600723_R3
OTU_847	P1_H11_PI650757_R1
OTU_1633	P3_G1_PI650837_R3
OTU_849	P4_A7_PI531343_R2
OTU_1146	P1_A9_PI600725_R3
OTU_1133	P1_H6_PI507903_R1
OTU_2232	P2_B10_HA412HO_R3
OTU_1805	P3_A3_PI650822_R4
OTU_649	P1_H6_PI507903_R1
OTU_485	P4_G2_PI650525_R4
OTU_727	P4_B2_PI650807_R3
OTU_286	P1_F5_PI543006_R1
OTU_620	P3_D11_PI507925_R3
OTU_2386	P1_H8_HA441_R3
OTU_626	P3_G6_PI511760_R2
OTU_2871	P2_G6_PI507913_R1
OTU_738	P4_B2_PI650807_R3
OTU_960	P1_E3_PI476759_R3
OTU_614	P1_G4_PI432519_R1
OTU_2491	P1_B7_PI526263_R3
OTU_1527	P1_H3_PI600718_R3
OTU_2440	P1_A5_PI650490_R1
OTU_2879	P1_A1_PI650829_R3
OTU_1046	P1_F6_PI535892_R1
OTU_892	P2_A6_PI531382_R1
OTU_2655	P1_E2_PI531343_R1
OTU_1127	P1_G8_PI650798_R3
OTU_2342	P1_F2_PI468635_R1
OTU_2878	P1_D3_PI650796_R1
OTU_558	P2_B7_PI650789_R1
OTU_1278	P1_H3_PI600718_R3
OTU_806	P1_F3_PI531366_R3
OTU_1511	P2_H6_PI526258_R1
OTU_1725	P3_H2_PI507913_R4
OTU_722	P1_C7_PI650796_R3
OTU_1121	P1_A6_PI650803_R1
OTU_1140	P1_H8_HA441_R3
OTU_2335	P1_F8_PI650349_R3
OTU_958	P3_C8_PI650818_R2
OTU_746	P1_H8_HA441_R3
OTU_1234	P1_E12_PI600723_R3
OTU_874	P1_F5_PI543006_R1
OTU_434	P1_E12_PI600723_R3
OTU_2273	P1_A1_PI650829_R3
OTU_342	P1_E6_PI526257_R1
OTU_2077	P2_F1_PI531502_R4
OTU_1405	P2_A6_PI531382_R1
OTU_736	P1_E7_PI526257_R3
OTU_975	P2_A9_PI497940_R3
OTU_851	P1_B7_PI526263_R3
OTU_2867	P2_F6_PI596742_R1
OTU_1395	P1_H6_PI507903_R1
OTU_2104	P1_H6_PI507903_R1
OTU_713	P2_B9_PI650787_R3
OTU_461	P1_A8_PI600807_R3
OTU_2666	P1_G7_PI650515_R3
OTU_1476	P1_E2_PI531343_R1
OTU_1666	P1_H8_HA441_R3
OTU_599	P1_E12_PI600723_R3
OTU_1261	P1_H6_PI507903_R1
OTU_1619	P4_F2_PI650756_R3
OTU_540	P3_C6_PI650798_R2
OTU_1171	P1_E10_PI650786_R1
OTU_719	P1_A2_PI531378_R1
OTU_294	P1_G8_PI650798_R3
OTU_998	P1_H6_PI507903_R1
OTU_2229	P1_E2_PI531343_R1
OTU_565	P1_G8_PI650798_R3
OTU_701	P2_H9_PI531360_R3
OTU_1685	P3_H3_PI531388_R4
OTU_926	P4_B2_PI650807_R3
OTU_2027	P1_E7_PI526257_R3
OTU_1113	P1_F4_HA441_R1
OTU_1499	P1_H3_PI600718_R3
OTU_422	P1_F3_PI531366_R3
OTU_538	P4_G2_PI650525_R4
OTU_815	P1_H5_PI650807_R1
OTU_1461	P3_D1_PI650542_R4
OTU_2793	P2_F6_PI596742_R1
OTU_1468	P3_H2_PI507913_R4
OTU_532	P1_F3_PI531366_R3
OTU_955	P1_H8_HA441_R3
OTU_2196	P1_G7_PI650515_R3
OTU_1125	P1_E10_PI650786_R1
OTU_1660	P1_C3_PI650829_R1
OTU_1217	P1_E12_PI600723_R3
OTU_588	P1_E12_PI600723_R3
OTU_2204	P2_B6_PI531386_R1
OTU_1095	P1_H6_PI507903_R1
OTU_1900	P1_E1_RHA373_R1
OTU_1814	P3_F5_PI526263_R2
OTU_1416	P1_F12_PI511760_R1
OTU_566	P1_H3_PI600718_R3
OTU_2407	P1_G2_PI531388_R1
OTU_621	P1_A8_PI600807_R3
OTU_1050	P1_G8_PI650798_R3
OTU_1179	P3_D8_PI650813_R2
OTU_1328	P1_B7_PI526263_R3
OTU_905	P1_E7_PI526257_R3
OTU_1265	P1_F3_PI531366_R3
OTU_531	P1_E12_PI600723_R3
OTU_1260	P4_H2_PI650814_R4
OTU_1966	P1_F2_PI468635_R1
OTU_326	P1_H6_PI507903_R1
OTU_318	P1_E12_PI600723_R3
OTU_988	P3_G6_PI511760_R2
OTU_524	P3_D11_PI507925_R3
OTU_521	P1_E12_PI600723_R3
OTU_917	P4_G2_PI650525_R4
OTU_843	P1_G8_PI650798_R3
OTU_681	P1_F6_PI535892_R1
OTU_511	P1_E12_PI600723_R3
OTU_2947	P1_H3_PI600718_R3
OTU_1017	P2_B7_PI650789_R1
OTU_1528	P1_G4_PI432519_R1
OTU_1367	P1_H3_PI600718_R3
OTU_1885	P1_F4_HA441_R1
OTU_484	P1_B4_PI650756_R1
OTU_2394	P1_B4_PI650756_R1
OTU_1493	P1_H7_PI531378_R3
OTU_1008	P1_G5_PI650778_R1
OTU_678	P1_H5_PI650807_R1
OTU_606	P3_H6_PI650386_R2
OTU_706	P3_D11_PI507925_R3
OTU_1242	P1_G8_PI650798_R3
OTU_1744	P1_B4_PI650756_R1
OTU_776	P3_C6_PI650798_R2
OTU_964	P1_E12_PI600723_R3
OTU_1380	P2_C10_PI596744_R3
OTU_2745	P1_A9_PI600725_R3
OTU_2076	P5_G2_PI650780_R2
OTU_593	P1_E12_PI600723_R3
OTU_1626	P1_A7_PI526263_R1
OTU_1160	P1_F6_PI535892_R1
OTU_2286	P3_D11_PI507925_R3
OTU_2651	P4_B2_PI650807_R3
OTU_855	P1_H3_PI600718_R3
OTU_791	P1_F8_PI650349_R3
OTU_535	P1_B7_PI526263_R3
OTU_569	P1_H8_HA441_R3
OTU_1167	P1_G2_PI531388_R1
OTU_2706	P1_C3_PI650829_R1
OTU_1281	P1_G8_PI650798_R3
OTU_2882	P1_C3_PI650829_R1
OTU_1009	P1_H6_PI507903_R1
OTU_362	P1_E7_PI526257_R3
OTU_760	P1_G8_PI650798_R3
OTU_2333	P1_H7_PI531378_R3
OTU_1047	P1_H8_HA441_R3
OTU_1093	P2_H9_PI531360_R3
OTU_603	P1_A5_PI650490_R1
OTU_1332	P3_G6_PI511760_R2
OTU_1498	P1_G7_PI650515_R3
OTU_1030	P1_F6_PI535892_R1
OTU_1548	P5_H1_PI650515_R2
OTU_740	P1_H8_HA441_R3
OTU_654	P1_A9_PI600725_R3
OTU_369	P3_C6_PI650798_R2
OTU_1011	P1_A7_PI526263_R1
OTU_2349	P1_A8_PI600807_R3
OTU_1075	P1_D11_PI526252_R3
OTU_976	P3_F1_PI650786_R4
OTU_2657	P1_D2_PI650822_R1
OTU_642	P1_A6_PI650803_R1
OTU_742	P2_H6_PI526258_R1
OTU_1462	P3_H6_PI650386_R2
OTU_578	P1_A6_PI650803_R1
OTU_2970	P1_C2_PI650808_R1
OTU_1059	P2_E10_PI650349_R1
OTU_882	P1_H3_PI600718_R3
OTU_1360	P1_A8_PI600807_R3
OTU_1467	P1_C8_PI531361_R3
OTU_1475	P1_H3_PI600718_R3
OTU_811	P1_G8_PI650798_R3
OTU_2617	P1_H2_HA412HO_R1
OTU_2222	P4_H2_PI650814_R4
OTU_1802	P1_B8_PI526260_R3
OTU_749	P1_H8_HA441_R3
OTU_1156	P3_B4_PI536628_R4
OTU_2203	P4_A8_PI650837_R2
OTU_1032	P1_E12_PI600723_R3
OTU_1850	P3_G6_PI511760_R2
OTU_914	P1_F6_PI535892_R1
OTU_900	P1_A9_PI600725_R3
OTU_1249	P3_G6_PI511760_R2
OTU_1350	P1_H6_PI507903_R1
OTU_1905	P1_H5_PI650807_R1
OTU_1560	P1_E12_PI600723_R3
OTU_2862	P1_A7_PI526263_R1
OTU_627	P1_F3_PI531366_R3
OTU_1226	P1_E10_PI650786_R1
OTU_585	P1_H5_PI650807_R1
OTU_1998	P3_B4_PI536628_R4
OTU_972	P3_G1_PI650837_R3
OTU_1158	P1_F8_PI650349_R3
OTU_2284	P1_H5_PI650807_R1
OTU_863	P1_G8_PI650798_R3
OTU_2747	P1_C5_PI431520_R1
OTU_432	P1_H6_PI507903_R1
OTU_2006	P4_B2_PI650807_R3
OTU_1103	P1_B6_HA466_R1
OTU_2134	P1_G5_PI650778_R1
OTU_2355	P1_E6_PI526257_R1
OTU_2565	P1_A9_PI600725_R3
OTU_1372	P1_H7_PI531378_R3
OTU_1508	P1_B4_PI650756_R1
OTU_1443	P1_F6_PI535892_R1
OTU_1835	P3_D6_PI476759_R2
OTU_864	P1_H8_HA441_R3
OTU_734	P3_D8_PI650813_R2
OTU_622	P1_H6_PI507903_R1
OTU_786	P1_E10_PI650786_R1
OTU_1055	P5_H2_PI526257_R2
OTU_1073	P1_E12_PI600723_R3
OTU_2097	P1_F4_HA441_R1
OTU_403	P1_G7_PI650515_R3
OTU_354	P1_H6_PI507903_R1
OTU_1915	P1_A2_PI531378_R1
OTU_2334	P1_H7_PI531378_R3
OTU_1570	P1_G7_PI650515_R3
OTU_2634	P1_H7_PI531378_R3
OTU_2479	P1_D11_PI526252_R3
OTU_2430	P4_G2_PI650525_R4
OTU_1716	P1_F8_PI650349_R3
OTU_2049	P4_G2_PI650525_R4
OTU_2205	P3_G4_RHA409_R2
OTU_973	P2_H9_PI531360_R3
OTU_2861	P2_H6_PI526258_R1
OTU_1349	P1_G5_PI650778_R1
OTU_2267	P1_B7_PI526263_R3
OTU_1495	P1_H5_PI650807_R1
OTU_1589	P4_A1_PI531356_R3
OTU_344	P1_E12_PI600723_R3
OTU_2233	P3_E3_PI386236_R4
OTU_2393	P3_E8_PI650541_R2
OTU_1338	P1_G8_PI650798_R3
OTU_929	P1_H3_PI600718_R3
OTU_870	P1_H5_PI650807_R1
OTU_2868	P1_F3_PI531366_R3
OTU_1194	P1_E12_PI600723_R3
OTU_1827	P1_B7_PI526263_R3
OTU_1549	P1_A2_PI531378_R1
OTU_1365	P1_G4_PI432519_R1
OTU_813	P1_C3_PI650829_R1
OTU_1671	P1_C2_PI650808_R1
OTU_737	P1_G8_PI650798_R3
OTU_1175	P1_H8_HA441_R3
OTU_802	P1_H4_PI650515_R1
OTU_510	P1_G7_PI650515_R3
OTU_1080	P1_A6_PI650803_R1
OTU_2910	P5_D2_PI650490_R2
OTU_1704	P1_G7_PI650515_R3
OTU_2791	P2_H2_PI650787_R4
OTU_2426	P5_E1_PI650808_R2
OTU_1637	P4_C7_PI531388_R2
OTU_2532	P1_A9_PI600725_R3
OTU_2072	P1_A3_PI526252_R1
OTU_2243	P4_H1_PI650756_R4
OTU_2384	P2_B7_PI650789_R1
OTU_1659	P1_B1_PI650653_R1
OTU_496	P1_H6_PI507903_R1
OTU_2639	P1_H4_PI650515_R1
OTU_1078	P1_F6_PI535892_R1
OTU_1313	P4_G2_PI650525_R4
OTU_1425	P3_H2_PI507913_R4
OTU_2701	P3_D8_PI650813_R2
OTU_682	P1_F8_PI650349_R3
OTU_966	P3_H2_PI507913_R4
OTU_625	P1_G8_PI650798_R3
OTU_670	P1_H5_PI650807_R1
OTU_940	P2_H6_PI526258_R1
OTU_2531	P1_F7_PI526258_R3
OTU_873	P1_H6_PI507903_R1
OTU_1769	P1_F6_PI535892_R1
OTU_2213	P2_E10_PI650349_R1
OTU_1663	P3_D11_PI507925_R3
OTU_1871	P2_B7_PI650789_R1
OTU_2714	P1_B4_PI650756_R1
OTU_1683	P1_E12_PI600723_R3
OTU_1134	P1_H3_PI600718_R3
OTU_2140	P3_H1_PI650837_R4
OTU_1096	P1_A4_PI650837_R1
OTU_2381	P3_D8_PI650813_R2
OTU_1713	P2_C6_PI650836_R1
OTU_968	P1_H5_PI650807_R1
OTU_1309	P1_E12_PI600723_R3
OTU_1996	P5_H1_PI650515_R2
OTU_2079	P3_C3_PI511760_R4
OTU_1300	P1_E12_PI600723_R3
OTU_2030	P3_C6_PI650798_R2
OTU_989	P1_E6_PI526257_R1
OTU_938	P3_G6_PI511760_R2
OTU_1734	P2_H6_PI526258_R1
OTU_899	P3_G6_PI511760_R2
OTU_1325	P1_H3_PI600718_R3
OTU_721	P1_E12_PI600723_R3
OTU_1988	P3_G6_PI511760_R2
OTU_2692	P1_B3_PI531365_R1
OTU_1888	P5_H2_PI526257_R2
OTU_991	P4_F2_PI650756_R3
OTU_2278	P2_H9_PI531360_R3
OTU_1861	P1_F5_PI543006_R1
OTU_609	P1_H3_PI600718_R3
OTU_1882	P1_B2_PI650723_R1
OTU_1431	P1_E9_PI650778_R3
OTU_2593	P2_H5_PI531341_R1
OTU_2268	P4_A4_PI526258_R4
OTU_1386	P1_F6_PI535892_R1
OTU_1437	P1_G3_PI600719_R1
OTU_1962	P1_F2_PI468635_R1
OTU_1157	P1_A9_PI600725_R3
OTU_896	P1_H8_HA441_R3
OTU_2184	P1_E6_PI526257_R1
OTU_2383	P1_B2_PI650723_R1
OTU_2771	P1_E3_PI476759_R3
OTU_898	P1_E12_PI600723_R3
OTU_880	P1_H6_PI507903_R1
OTU_1887	P3_D8_PI650813_R2
OTU_1622	P4_G2_PI650525_R4
OTU_1181	P1_H6_PI507903_R1
OTU_984	P1_G8_PI650798_R3
OTU_1692	P1_E2_PI531343_R1
OTU_1027	P1_A12_PI650818_R3
OTU_2346	P3_B4_PI536628_R4
OTU_1228	P1_H5_PI650807_R1
OTU_1404	P3_F2_PI650789_R4
OTU_1035	P1_A2_PI531378_R1
OTU_775	P2_H6_PI526258_R1
OTU_1129	P1_E3_PI476759_R3
OTU_1182	P2_H9_PI531360_R3
OTU_2699	P4_H9_PI650758_R4
OTU_1305	P3_D11_PI507925_R3
OTU_1290	P2_C9_PI650760_R3
OTU_2504	P3_H11_PI505653_R3
OTU_807	P1_B4_PI650756_R1
OTU_903	P3_D11_PI507925_R3
OTU_551	P2_H9_PI531360_R3
OTU_1891	P3_B4_PI536628_R4
OTU_2387	P1_G7_PI650515_R3
OTU_1765	P3_D6_PI476759_R2
OTU_1085	P1_E12_PI600723_R3
OTU_2280	P1_E12_PI600723_R3
OTU_1191	P3_B5_PI650794_R2
OTU_2452	P2_H9_PI531360_R3
OTU_2419	P2_A5_PI600725_R1
OTU_1375	P1_H1_PI650758_R1
OTU_1793	P1_D3_PI650796_R1
OTU_1229	P3_D11_PI507925_R3
OTU_1576	P1_H5_PI650807_R1
OTU_1101	P1_A8_PI600807_R3
OTU_733	P1_E12_PI600723_R3
OTU_1387	P1_A2_PI531378_R1
OTU_1816	P3_F2_PI650789_R4
OTU_818	P3_C6_PI650798_R2
OTU_2545	P4_H4_PI531381_R4
OTU_816	P1_A9_PI600725_R3
OTU_1803	P1_H10_PI650839_R1
OTU_2735	P2_C2_PI650736_R3
OTU_1244	P3_D11_PI507925_R3
OTU_2370	P1_D2_PI650822_R1
OTU_1063	P1_G12_PI507900_R1
OTU_2099	P1_H10_PI650839_R1
OTU_1161	P1_H5_PI650807_R1
OTU_1821	P1_E9_PI650778_R3
OTU_2014	P1_H11_PI650757_R1
OTU_2074	P1_A4_PI650837_R1
OTU_2339	P3_D3_PI531341_R4
OTU_1600	P1_A8_PI600807_R3
OTU_1695	P1_F3_PI531366_R3
OTU_1730	P4_B2_PI650807_R3
OTU_2668	P1_F9_PI431520_R3
OTU_996	P1_A6_PI650803_R1
OTU_1223	P1_G7_PI650515_R3
OTU_920	P1_E3_PI476759_R3
OTU_1105	P1_B8_PI526260_R3
OTU_2652	P1_G9_PI650836_R3
OTU_1270	P3_H2_PI507913_R4
OTU_2120	P3_H5_PI526261_R2
OTU_1949	P1_F8_PI650349_R3
OTU_1868	P1_H8_HA441_R3
OTU_1623	P1_G5_PI650778_R1
OTU_1563	P3_D2_PI650513_R4
OTU_1920	P1_A9_PI600725_R3
OTU_747	P1_E7_PI526257_R3
OTU_1539	P1_D2_PI650822_R1
OTU_1062	P1_B7_PI526263_R3
OTU_2301	P2_G7_PI650803_R4
OTU_597	P1_E3_PI476759_R3
OTU_1624	P1_D11_PI526252_R3
OTU_1822	P2_H6_PI526258_R1
OTU_2674	P3_A3_PI650822_R4
OTU_1488	P1_F8_PI650349_R3
OTU_687	P1_G8_PI650798_R3
OTU_1739	P1_A6_PI650803_R1
OTU_2275	P1_B6_HA466_R1
OTU_2297	P2_H6_PI526258_R1
OTU_1869	P3_G6_PI511760_R2
OTU_1634	P3_B4_PI536628_R4
OTU_1878	P1_F4_HA441_R1
OTU_2388	P1_G7_PI650515_R3
OTU_1186	P1_G5_PI650778_R1
OTU_1079	P4_G6_PI526260_R2
OTU_2293	P1_G7_PI650515_R3
OTU_937	P2_C9_PI650760_R3
OTU_2530	P2_E7_PI531502_R1
OTU_1188	P3_C6_PI650798_R2
OTU_1598	P5_G1_PI505653_R2
OTU_1015	P1_H3_PI600718_R3
OTU_1594	P2_B9_PI650787_R3
OTU_1460	P1_G7_PI650515_R3
OTU_1321	P1_H4_PI650515_R1
OTU_1583	P1_F5_PI543006_R1
OTU_2322	P2_H2_PI650787_R4
OTU_1840	P2_A6_PI531382_R1
OTU_1034	P1_G8_PI650798_R3
OTU_512	P1_H3_PI600718_R3
OTU_1645	P1_F2_PI468635_R1
OTU_748	P1_H5_PI650807_R1
OTU_2069	P1_E1_RHA373_R1
OTU_1584	P3_C6_PI650798_R2
OTU_932	P1_A6_PI650803_R1
OTU_2585	P2_H9_PI531360_R3
OTU_1931	P1_F5_PI543006_R1
OTU_1699	P1_C3_PI650829_R1
OTU_2880	P4_H4_PI531381_R4
OTU_1086	P1_A5_PI650490_R1
OTU_997	P1_B7_PI526263_R3
OTU_2227	P1_B6_HA466_R1
OTU_1585	P1_H11_PI650757_R1
OTU_1876	P1_G7_PI650515_R3
OTU_1159	P1_D11_PI526252_R3
OTU_1515	P3_G6_PI511760_R2
OTU_1789	P2_B7_PI650789_R1
OTU_1150	P2_F9_PI535888_R3
OTU_1352	P2_E10_PI650349_R1
OTU_1642	P4_D1_PI468635_R3
OTU_2772	P1_A12_PI650818_R3
OTU_2521	P1_B3_PI531365_R1
OTU_1531	P1_E8_PI543006_R3
OTU_2881	P2_D11_PI531343_R3
OTU_2382	P2_B10_HA412HO_R3
OTU_994	P1_G8_PI650798_R3
OTU_2955	P1_B9_PI650541_R3
OTU_2682	P1_G7_PI650515_R3
OTU_2181	P1_E12_PI600723_R3
OTU_1990	P1_F3_PI531366_R3
OTU_1074	P1_H5_PI650807_R1
OTU_2230	P4_F2_PI650756_R3
OTU_1423	P3_G6_PI511760_R2
OTU_1688	P1_F9_PI431520_R3
OTU_2257	P1_H3_PI600718_R3
OTU_1184	P1_G7_PI650515_R3
OTU_2421	P1_C12_PI497940_R1
OTU_2686	P1_A2_PI531378_R1
OTU_1302	P1_A6_PI650803_R1
OTU_1323	P1_E3_PI476759_R3
OTU_1927	P4_B1_PI650525_R3
OTU_1647	P1_G4_PI432519_R1
OTU_1378	P1_A6_PI650803_R1
OTU_1674	P1_F3_PI531366_R3
OTU_1254	P1_F6_PI535892_R1
OTU_2063	P3_H5_PI526261_R2
OTU_2843	P4_D1_PI468635_R3
OTU_2390	P2_A6_PI531382_R1
OTU_1195	P1_F4_HA441_R1
OTU_1609	P1_E7_PI526257_R3
OTU_906	P1_E12_PI600723_R3
OTU_1775	P4_B2_PI650807_R3
OTU_2464	P1_E7_PI526257_R3
OTU_2003	P3_D11_PI507925_R3
OTU_2614	P4_B2_PI650807_R3
OTU_1025	P2_H6_PI526258_R1
OTU_2290	P2_H9_PI531360_R3
OTU_1111	P3_F2_PI650789_R4
OTU_2123	P2_F9_PI535888_R3
OTU_1787	P2_H7_PI596742_R3
OTU_1818	P1_G7_PI650515_R3
OTU_1051	P1_H3_PI600718_R3
OTU_1933	P1_H4_PI650515_R1
OTU_1700	P1_G4_PI432519_R1
OTU_1748	P3_C3_PI511760_R4
OTU_2398	P2_H5_PI531341_R1
OTU_1402	P3_H6_PI650386_R2
OTU_1033	P1_F6_PI535892_R1
OTU_1580	P1_H4_PI650515_R1
OTU_2466	P4_H4_PI531381_R4
OTU_2321	P5_A2_PI531362_R2
OTU_857	P2_H9_PI531360_R3
OTU_1574	P1_F2_PI468635_R1
OTU_1982	P1_F4_HA441_R1
OTU_1950	P1_F8_PI650349_R3
OTU_2850	P1_B7_PI526263_R3
OTU_974	P1_H4_PI650515_R1
OTU_1640	P2_C7_PI650542_R1
OTU_1538	P2_D9_HA412HO_R4
OTU_1304	P1_A2_PI531378_R1
OTU_1376	P1_E9_PI650778_R3
OTU_1518	P2_B10_HA412HO_R3
OTU_2615	P1_H5_PI650807_R1
OTU_2838	P3_D11_PI507925_R3
OTU_2024	P1_F2_PI468635_R1
OTU_2663	P2_B1_PI650801_R1
OTU_1686	P1_A9_PI600725_R3
OTU_2158	P1_E8_PI543006_R3
OTU_1258	P1_F6_PI535892_R1
OTU_2305	P2_H2_PI650787_R4
OTU_862	P3_C6_PI650798_R2
OTU_1464	P4_G2_PI650525_R4
OTU_2044	P2_G6_PI507913_R1
OTU_2142	P1_D11_PI526252_R3
OTU_2163	P4_C1_PI650813_R4
OTU_2628	P1_E7_PI526257_R3
OTU_2508	P1_B4_PI650756_R1
OTU_1453	P1_E12_PI600723_R3
OTU_2853	P4_A1_PI531356_R3
OTU_1142	P2_E10_PI650349_R1
OTU_2886	P3_G1_PI650837_R3
OTU_1067	P1_H8_HA441_R3
OTU_1566	P1_H3_PI600718_R3
OTU_1911	P1_F5_PI543006_R1
OTU_2135	P1_H9_PI531357_R3
OTU_2007	P1_F3_PI531366_R3
OTU_2579	P1_F1_PI507900_R3
OTU_696	P2_H5_PI531341_R1
OTU_2328	P1_E7_PI526257_R3
OTU_2228	P2_A6_PI531382_R1
OTU_1880	P4_A1_PI531356_R3
OTU_2139	P2_H2_PI650787_R4
OTU_1502	P1_G8_PI650798_R3
OTU_2778	P1_E12_PI600723_R3
OTU_1115	P1_B7_PI526263_R3
OTU_2067	P1_A6_PI650803_R1
OTU_1711	P2_B7_PI650789_R1
OTU_2191	P1_E12_PI600723_R3
OTU_2117	P1_F3_PI531366_R3
OTU_1655	P2_G8_PI526261_R4
OTU_2736	P3_H6_PI650386_R2
OTU_1863	P1_H3_PI600718_R3
OTU_2157	P1_F8_PI650349_R3
OTU_2642	P1_D4_PI505653_R1
OTU_2526	P1_B9_PI650541_R3
OTU_2656	P1_A5_PI650490_R1
OTU_1597	P3_D12_PI526267_R3
OTU_1631	P1_H3_PI600718_R3
OTU_2019	P2_E10_PI650349_R1
OTU_1310	P1_E12_PI600723_R3
OTU_1847	P1_E7_PI526257_R3
OTU_1414	P1_H4_PI650515_R1
OTU_2042	P3_D11_PI507925_R3
OTU_1610	P1_C3_PI650829_R1
OTU_1097	P1_H8_HA441_R3
OTU_2921	P1_B6_HA466_R1
OTU_2266	P2_D3_PI531355_R1
OTU_1124	P1_A6_PI650803_R1
OTU_2915	P2_H2_PI650787_R4
OTU_2680	P2_H12_PI531365_R4
OTU_2087	P1_A4_PI650837_R1
OTU_683	P1_E7_PI526257_R3
OTU_1729	P1_F6_PI535892_R1
OTU_1099	P1_H7_PI531378_R3
OTU_2764	P3_D8_PI650813_R2
OTU_1535	P1_F6_PI535892_R1
OTU_1807	P1_F8_PI650349_R3
OTU_2276	P1_B7_PI526263_R3
OTU_2043	P2_H8_PI535892_R4
OTU_1917	P1_A6_PI650803_R1
OTU_2025	P2_C7_PI650542_R1
OTU_2341	P1_B7_PI526263_R3
OTU_2075	P3_G6_PI511760_R2
OTU_1727	P2_A8_PI650490_R3
OTU_2527	P2_B10_HA412HO_R3
OTU_1147	P1_F8_PI650349_R3
OTU_1763	P4_B5_PI507925_R4
OTU_2816	P3_E6_PI531381_R2
OTU_2661	P1_H10_PI650839_R1
OTU_2480	P2_H2_PI650787_R4
OTU_1745	P3_G7_PI531355_R2
OTU_1491	P1_F6_PI535892_R1
OTU_1318	P1_E8_PI543006_R3
OTU_2169	P3_D6_PI476759_R2
OTU_2944	P1_F6_PI535892_R1
OTU_2180	P3_F2_PI650789_R4
OTU_2094	P1_H8_HA441_R3
OTU_2411	P3_G4_RHA409_R2
OTU_1225	P2_H6_PI526258_R1
OTU_2890	P1_G4_PI432519_R1
OTU_1611	P2_H6_PI526258_R1
OTU_2026	P1_A12_PI650818_R3
OTU_1306	P3_B4_PI536628_R4
OTU_1636	P1_H8_HA441_R3
OTU_2476	P1_C7_PI650796_R3
OTU_2775	P1_F6_PI535892_R1
OTU_2894	P2_G2_PI600725_R4
OTU_1393	P1_F5_PI543006_R1
OTU_1944	P3_D12_PI526267_R3
OTU_2724	P2_G1_PI497940_R4
OTU_1247	P1_F6_PI535892_R1
OTU_1149	P1_C5_PI431520_R1
OTU_1964	P1_E12_PI600723_R3
OTU_2424	P2_E10_PI650349_R1
OTU_2643	P3_A10_PI531366_R2
OTU_2146	P2_H5_PI531341_R1
OTU_2241	P2_F6_PI596742_R1
OTU_2716	P1_E6_PI526257_R1
OTU_1780	P3_H6_PI650386_R2
OTU_1994	P1_B7_PI526263_R3
OTU_1564	P1_F4_HA441_R1
OTU_2327	P1_G8_PI650798_R3
OTU_2723	P2_E6_PI536628_R1
OTU_2805	P1_A4_PI650837_R1
OTU_1867	P1_H11_PI650757_R1
OTU_1497	P3_C4_PI531343_R4
OTU_1094	P3_D12_PI526267_R3
OTU_2126	P3_F5_PI526263_R2
OTU_2190	P1_D2_PI650822_R1
OTU_2456	P1_E7_PI526257_R3
OTU_2427	P1_E8_PI543006_R3
OTU_2750	P1_H5_PI650807_R1
OTU_2218	P1_E12_PI600723_R3
OTU_2090	P3_B4_PI536628_R4
OTU_2563	P4_B2_PI650807_R3
OTU_1382	P1_A7_PI526263_R1
OTU_2315	P4_H2_PI650814_R4
OTU_1839	P3_G6_PI511760_R2
OTU_2046	P2_H7_PI596742_R3
OTU_1648	P4_A8_PI650837_R2
OTU_2058	P3_F1_PI650786_R4
OTU_2265	P2_H9_PI531360_R3
OTU_2539	P2_E7_PI531502_R1
OTU_2728	P3_B1_PI650794_R3
OTU_1791	P1_G4_PI432519_R1
OTU_2558	P1_E12_PI600723_R3
OTU_2779	P1_F12_PI511760_R1
OTU_2502	P4_B2_PI650807_R3
OTU_1790	P1_F3_PI531366_R3
OTU_2582	P2_D2_PI596744_R4
OTU_2371	P1_H3_PI600718_R3
OTU_1200	P1_G8_PI650798_R3
OTU_2540	P1_A5_PI650490_R1
OTU_2122	P1_B4_PI650756_R1
OTU_2788	P2_D7_PI535888_R1
OTU_2303	P4_H2_PI650814_R4
OTU_2200	P3_D1_PI650542_R4
OTU_2210	P3_B4_PI536628_R4
OTU_2842	P1_H5_PI650807_R1
OTU_2312	P1_F5_PI543006_R1
OTU_2197	P1_F2_PI468635_R1
OTU_2473	P3_E8_PI650541_R2
OTU_2171	P1_A10_PI531382_R3
OTU_2008	P4_G2_PI650525_R4
OTU_2311	P1_C1_PI526254_R1
OTU_2512	P1_D7_PI531361_R4
OTU_2759	P1_C5_PI431520_R1
OTU_2891	P3_D3_PI531341_R4
OTU_2023	P3_E8_PI650541_R2
OTU_2224	P1_F5_PI543006_R1
OTU_2588	P1_E8_PI543006_R3
OTU_1801	P2_C12_PI531341_R3
OTU_2766	P1_H5_PI650807_R1
OTU_2839	P1_C4_PI531362_R1
OTU_1251	P3_D11_PI507925_R3
OTU_1615	P1_H8_HA441_R3
OTU_1767	P1_B11_PI531381_R3
OTU_2457	P1_H8_HA441_R3
OTU_2379	P1_E7_PI526257_R3
OTU_2980	P5_H1_PI650515_R2
OTU_2857	P4_C7_PI531388_R2
OTU_2492	P1_H3_PI600718_R3
OTU_1450	P4_G2_PI650525_R4
OTU_1922	P1_E12_PI600723_R3
OTU_2756	P3_D3_PI531341_R4
OTU_2777	P1_E2_PI531343_R1
OTU_2323	P4_E1_PI531361_R2
OTU_1314	P1_H5_PI650807_R1
OTU_2237	P1_F3_PI531366_R3
OTU_2667	P2_F3_PI650808_R4
OTU_2085	P1_A4_PI650837_R1
OTU_2751	P5_H1_PI650515_R2
OTU_2195	P2_G4_PI650813_R1
OTU_2448	P1_G10_PI600718_R1
OTU_2973	P1_E8_PI543006_R3
OTU_2669	P1_A3_PI526252_R1
OTU_2013	P3_H5_PI526261_R2
OTU_2354	P1_C7_PI650796_R3
OTU_2619	P1_B4_PI650756_R1
OTU_1886	P1_H8_HA441_R3
OTU_1322	P1_E4_PI650513_R1
OTU_2395	P1_F8_PI650349_R3
OTU_2166	P1_F6_PI535892_R1
OTU_2375	P1_F5_PI543006_R1
OTU_1954	P1_F10_PI650801_R3
OTU_2911	P2_E6_PI536628_R1
OTU_2650	P1_H8_HA441_R3
OTU_2458	P1_G10_PI600718_R1
OTU_2037	P1_F5_PI543006_R1
OTU_2647	P2_B9_PI650787_R3
OTU_2748	P3_H6_PI650386_R2
OTU_2570	P1_E4_PI650513_R1
OTU_2872	P4_F2_PI650756_R3
OTU_1849	P3_C6_PI650798_R2
OTU_2931	P3_B6_PI531361_R1
OTU_2929	P1_G8_PI650798_R3
OTU_2672	P2_D5_PI531360_R1
OTU_2176	P2_B4_PI526261_R3
OTU_2646	P3_G11_PI650825_R1
OTU_2283	P1_B9_PI650541_R3
OTU_2916	P3_D11_PI507925_R3
OTU_2978	P1_G2_PI531388_R1
OTU_2496	P3_F6_PI650757_R2
OTU_2011	P3_A1_PI650789_R3
OTU_2804	P1_E2_PI531343_R1
OTU_2729	P1_F9_PI431520_R3
OTU_2782	P1_D4_PI505653_R1
OTU_1913	P4_G4_PI650653_R4
OTU_2338	P2_C10_PI596744_R3
OTU_2830	P2_H5_PI531341_R1
OTU_2453	P3_B4_PI536628_R4
OTU_2584	P1_F3_PI531366_R3
OTU_2949	P2_E9_PI650760_R4
OTU_2827	P4_G2_PI650525_R4
OTU_765	P3_D6_PI476759_R2
OTU_2625	P4_H4_PI531381_R4
OTU_2472	P2_C11_PI650787_R2
OTU_2833	P1_B6_HA466_R1
OTU_2291	P1_H10_PI650839_R1
OTU_2212	P1_E7_PI526257_R3
OTU_2443	P4_F4_PI531362_R4
OTU_2945	P3_G6_PI511760_R2
OTU_2400	P1_A1_PI650829_R3
OTU_2399	P1_H10_PI650839_R1
OTU_2898	P1_A6_PI650803_R1
OTU_2821	P1_G9_PI650836_R3
OTU_2626	P1_H8_HA441_R3
OTU_2977	P1_E3_PI476759_R3
OTU_2694	P1_D7_PI531361_R4
