group	P5_A2_PI531362_R2	P2_C7_PI650542_R1	P1_G1_PI531356_R1	P2_H3_PI535888_R4	P1_G12_PI507900_R1	P3_H2_PI507913_R4	P2_E4_PI600698_R1	P1_H10_PI650839_R1	P1_D12_PI531357_R1	P2_E6_PI536628_R1	P2_D7_PI535888_R1	P4_A5_PI596742_R4	P5_H1_PI650515_R2	P4_F3_PI600719_R4	P5_B1_PI431520_R2	P3_B2_HA466_R3	P2_C9_PI650760_R3	P3_H9_PI650836_R2	P1_D6_PI650386_R1	P1_A12_PI650818_R3	P2_F11_PI650789_R2	P4_A4_PI526258_R4	P4_B2_PI650807_R3	P3_C4_PI531343_R4	P2_D6_PI531366_R1	P4_B5_PI507925_R4	P3_C3_PI511760_R4	P5_B2_PI650778_R2	P4_H5_PI596744_R2	P1_F4_HA441_R1	P1_C12_PI497940_R1	P4_E1_PI531361_R2	P2_A11_PI600987_R3	P5_E1_PI650808_R2	P5_C1_HA441_R2	P3_G10_HA466_R2	P1_D7_PI531361_R4	P2_H9_PI531360_R3	P5_G2_PI650780_R2	P4_F5_PI650836_R4	P1_H11_PI650757_R1	P2_A2_PI650825_R3	P1_C8_PI531361_R3	P1_A2_PI531378_R1	P2_B10_HA412HO_R3	P3_F6_PI650757_R2	P1_B1_PI650653_R1	P2_H4_PI650541_R1	P1_C5_PI431520_R1	P3_E9_PI531341_R2	P2_E11_PI536628_R3	P2_F5_PI650736_R1	P1_E10_PI650786_R1	P1_C3_PI650829_R1	P3_D4_PI600987_R2	P2_D3_PI531355_R1	P4_B4_PI650813_R3	P5_D2_PI650490_R2	P1_F1_PI507900_R3	P5_E2_PI650807_R2	P1_D4_PI505653_R1	P2_G1_PI497940_R4	P3_F5_PI526263_R2	P1_D11_PI526252_R3	P1_G5_PI650778_R1	P1_G11_PI531381_R1	P2_G12_PI507913_R3	P2_A3_PI535892_R3	P4_E2_PI468635_R4	P3_H7_PI507900_R2	P3_A2_PI650786_R3	P3_F12_PI531362_R3	P1_E1_RHA373_R1	P1_D8_PI650758_R3	P1_B2_PI650723_R1	P3_F10_PI600723_R2	P3_E12_PI650490_R4	P2_E3_PI431520_R4	P3_B3_PI600698_R4	P4_F9_PI600807_R4	P2_H7_PI596742_R3	P4_D3_NSL15346_R4	P4_B11_PI507900_R4	P1_G3_PI600719_R1	P5_F2_PI543006_R2	P3_F1_PI650786_R4	P1_B8_PI526260_R3	P4_A6_RHA373_R2	P3_E10_PI526258_R2	P4_H1_PI650756_R4	P4_D8_PI650349_R2	P2_F10_PI507903_R3	P1_E8_PI543006_R3	P2_G5_PI650776_R1	P4_C6_PI531356_R2	P4_D2_PI386236_R2	P3_C10_PI596742_R2	P1_C6_PI600723_R1	P3_D12_PI526267_R3	P4_D10_HA441_R4	P2_B7_PI650789_R1	P1_E9_PI650778_R3	P1_G9_PI650836_R3	P1_E11_PI650798_R1	P3_C6_PI650798_R2	P1_E5_PI650780_R1	P1_D1_PI596744_R1	P3_E4_PI650690_R4	P1_E7_PI526257_R3	P5_G1_PI505653_R2	P3_G3_PI432519_R4	P2_D9_HA412HO_R4	P2_H8_PI535892_R4	P4_C2_PI650814_R2	P3_E1_HA466_R4	P4_G9_PI650349_R4	P4_D9_PI476759_R4	P2_C10_PI596744_R3	P4_H7_PI650796_R2	P1_E3_PI476759_R3	P1_C4_PI531362_R1	P1_H8_HA441_R3	P3_G12_RHA373_R3	P3_D11_PI507925_R3	P1_H3_PI600718_R3	P1_F9_PI431520_R3	P2_H12_PI531365_R4	P4_F6_PI650723_R2	P1_C11_PI650687_R3	P3_G11_PI650825_R1	P1_A5_PI650490_R1	P2_A10_PI526260_R1	P3_A11_PI535888_R2	P2_H5_PI531341_R1	P1_F11_PI476759_R1	P2_B12_PI386236_R3	P3_E8_PI650541_R2	P2_F4_PI650818_R1	P1_F8_PI650349_R3	P4_G10_PI543006_R4	P3_D2_PI650513_R4	P1_F5_PI543006_R1	P3_G2_PI531365_R3	P3_B8_PI600698_R2	P3_A3_PI650822_R4	P2_E10_PI650349_R1	P1_A1_PI650829_R3	P1_A8_PI600807_R3	P1_F7_PI526258_R3	P1_B11_PI531381_R3	P2_A8_PI650490_R3	P3_G4_RHA409_R2	P1_B3_PI531365_R1	P1_G2_PI531388_R1	P1_B4_PI650756_R1	P2_B2_PI600807_R1	P3_E2_PI650794_R4	P3_G1_PI650837_R3	P2_F9_PI535888_R3	P1_C2_PI650808_R1	P2_E9_PI650760_R4	P2_F2_RHA409_R4	P2_E5_PI650525_R1	P2_G4_PI650813_R1	P4_C1_PI650813_R4	P1_D3_PI650796_R1	P1_A7_PI526263_R1	P3_B4_PI536628_R4	P3_H12_PI531386_R4	P4_E7_PI526252_R2	P2_A12_PI650723_R3	P3_A4_PI650839_R2	P1_H7_PI531378_R3	P3_A10_PI531366_R2	P3_C2_PI650542_R3	P3_D1_PI650542_R4	P2_A1_NSL15346_R1	P1_G4_PI432519_R1	P2_B3_PI526260_R4	P2_C11_PI650787_R2	P5_C2_PI432519_R2	P2_E7_PI531502_R1	P1_E6_PI526257_R1	P3_E6_PI531381_R2	P5_F1_PI650513_R2	P1_E12_PI600723_R3	P4_F10_PI600718_R4	P1_C7_PI650796_R3	P4_B7_PI468635_R2	P2_F1_PI531502_R4	P4_D4_PI650687_R4	P4_H3_RHA373_R4	P1_C1_PI526254_R1	P2_E8_PI650736_R4	P3_G5_PI650824_R2	P2_B11_PI650690_R3	P2_B8_PI531502_R3	P1_H6_PI507903_R1	P2_B5_PI507925_R1	P4_B9_PI650798_R4	P3_D10_PI507913_R2	P2_C6_PI650836_R1	P3_B1_PI650794_R3	P4_C11_PI531366_R4	P3_F8_PI600725_R2	P1_G10_PI600718_R1	P1_H12_PI650687_R2	P1_G8_PI650798_R3	P1_B7_PI526263_R3	P2_A5_PI600725_R1	P4_F4_PI531362_R4	P1_A11_PI650824_R1	P2_H6_PI526258_R1	P1_H4_PI650515_R1	P3_D7_PI650687_R1	P2_G11_PI531388_R3	P4_A11_PI650839_R4	P4_C3_PI526254_R4	P4_H4_PI531381_R4	P3_B6_PI531361_R1	P3_G9_PI531386_R2	P1_C10_RHA409_R1	P1_D9_PI650760_R1	P3_C7_NSL15346_R2	P5_H2_PI526257_R2	P4_E10_PI650829_R4	P3_G8_PI507925_R2	P3_A9_PI531360_R2	P4_G3_PI650780_R4	P3_H10_PI650542_R2	P1_D2_PI650822_R1	P2_B4_PI526261_R3	P2_C8_PI650825_R4	P3_H11_PI505653_R3	P2_E1_PI650803_R3	P4_D6_PI650758_R2	P2_C2_PI650736_R3	P3_C12_NSL15346_R3	P2_D4_PI650796_R4	P2_A4_PI531355_R3	P1_F10_PI650801_R3	P3_F11_PI650386_R4	P1_B6_HA466_R1	P4_B3_PI650824_R4	P2_F12_PI650822_R3	P3_B11_PI531502_R2	P2_F3_PI650808_R4	P4_H2_PI650814_R4	P2_F7_PI650757_R4	P3_F2_PI650789_R4	P1_F3_PI531366_R3	P1_H5_PI650807_R1	P4_B6_PI650653_R2	P4_C4_PI531356_R4	P4_G2_PI650525_R4	P2_D1_PI650757_R3	P3_C5_PI650786_R2	P2_D11_PI531343_R3	P2_F6_PI596742_R1	P2_H11_PI432519_R3	P3_C9_PI650736_R2	P4_A8_PI650837_R2	P3_D5_PI650814_R1	P1_H1_PI650758_R1	P4_A1_PI531356_R3	P3_A7_PI497940_R2	P1_F2_PI468635_R1	P3_E11_PI650780_R3	P2_A9_PI497940_R3	P3_C8_PI650818_R2	P3_D6_PI476759_R2	P4_D7_PI650822_R2	P4_F7_PI531365_R2	P1_B12_PI600987_R1	P4_B8_PI600719_R2	P1_A10_PI531382_R3	P2_E12_PI600698_R3	P1_E4_PI650513_R1	P2_D8_RHA409_R3	P3_B10_PI536628_R2	P1_H9_PI531357_R3	P2_G7_PI650803_R4	P1_B9_PI650541_R3	P2_C3_PI526252_R4	P4_H6_HA412HO_R2	P3_F4_PI600987_R4	P3_C11_PI650653_R3	P2_G2_PI600725_R4	P4_B1_PI650525_R3	P2_H1_PI531382_R4	P1_A6_PI650803_R1	P3_H3_PI531388_R4	P3_A8_PI650801_R2	P3_B5_PI650794_R2	P2_D2_PI596744_R4	P1_D10_PI650794_R1	P4_G8_PI526263_R4	P4_F2_PI650756_R3	P1_H2_HA412HO_R1	P3_A5_PI650756_R2	P1_A3_PI526252_R1	P2_A7_PI650787_R1	P3_F9_PI531382_R2	P1_A9_PI600725_R3	P4_G7_PI650829_R2	P3_B7_PI531357_R2	P3_E5_PI535892_R2	P1_C9_PI650839_R3	P3_A12_PI600719_R3	P2_G8_PI526261_R4	P2_D5_PI531360_R1	P1_F12_PI511760_R1	P4_C9_PI507903_R4	P5_A1_PI650803_R2	P1_G7_PI650515_R3	P3_G6_PI511760_R2	P4_E5_PI650541_R4	P3_B9_PI650525_R2	P2_B1_PI650801_R1	P3_H1_PI650837_R4	P2_E2_PI650808_R3	P4_A7_PI531343_R2	P3_C1_PI650513_R3	P2_B9_PI650787_R3	P3_D3_PI531341_R4	P2_C12_PI531341_R3	P4_A3_PI650818_R4	P4_A2_PI650824_R3	P2_B6_PI531386_R1	P4_B10_PI650690_R2	P1_E2_PI531343_R1	P4_A9_PI531360_R4	P4_E4_PI526267_R4	P3_E7_PI600807_R2	P4_C10_PI600723_R4	P1_A4_PI650837_R1	P3_D9_PI650776_R2	P3_G7_PI531355_R2	P2_D12_PI511760_R3	P2_G6_PI507913_R1	P2_A6_PI531382_R1	P1_F6_PI535892_R1	P3_H8_PI526267_R2	P4_G6_PI526260_R2	P4_E6_PI531378_R2	P4_A10_PI650515_R4	P2_F8_PI650690_R1	P3_H6_PI650386_R2	P4_H9_PI650758_R4	P3_F7_PI507903_R2	P2_C1_PI526261_R1	P3_D8_PI650813_R2	P4_E3_PI505653_R4	P4_F1_PI650807_R4	P3_B12_PI526254_R3	P2_C4_PI650776_R3	P3_H5_PI526261_R2	P3_A1_PI650789_R3	P4_H10_PI531378_R4	P2_D10_PI531355_R4	P4_G4_PI650653_R4	P4_D1_PI468635_R3	P2_H2_PI650787_R4	P4_C5_PI531386_R3	P3_E3_PI386236_R4	P4_G1_PI650801_R4	P4_C7_PI531388_R2	P4_G5_PI526254_R2
methanotrophy	0	1	0	0	0	0	0	0	0	0	1	0	0	0	0	0	0	1	0	0	1	1	0	0	0	0	0	0	0	0	0	0	0	0	0	0	0	0	0	0	0	0	0	0	0	0	0	0	1	0	0	0	0	0	0	0	0	0	1	0	0	0	0	0	0	1	0	1	2	1	0	0	0	0	0	0	0	0	1	0	0	3	0	0	0	0	0	0	0	0	0	0	0	0	0	0	0	0	0	1	0	0	0	0	0	0	0	0	0	0	0	0	0	0	0	0	0	0	0	0	1	0	0	0	1	0	0	0	0	0	1	0	0	0	0	0	0	0	0	0	0	0	0	1	0	0	0	0	0	0	0	0	0	0	0	0	0	0	0	0	0	0	0	0	1	0	1	0	0	0	0	0	0	0	1	0	0	0	0	0	0	0	0	0	0	0	0	0	0	0	0	0	0	0	0	0	0	0	0	0	0	0	0	0	0	0	0	0	0	0	0	0	0	0	0	0	0	0	0	0	0	0	0	0	0	1	0	0	0	0	0	0	0	0	1	0	0	1	0	0	0	0	0	0	0	0	0	0	0	0	1	0	1	0	0	1	0	0	0	0	0	0	0	0	0	0	0	0	0	0	0	2	0	0	0	0	0	1	0	0	0	0	0	0	0	0	0	0	0	0	0	0	0	1	0	1	0	0	0	0	0	0	0	0	0	0	0	1	0	0	0	0	0	0	0	0	0	0	0	1	0	0	1	0	0	0	0	2	0	0	0	1	0	0	0	0	0	0	0	0	0	0	0	0	0	0	0	0	0	0	0	1	0	0	0	0	0	0	0	0	0	0	0	0	0	0	0	0
acetoclastic_methanogenesis	0	0	0	0	0	0	0	0	0	0	0	0	0	0	0	0	0	0	0	0	0	0	0	0	0	0	0	0	0	0	0	0	0	0	0	0	0	0	0	0	0	0	0	0	0	0	0	0	0	0	0	0	0	0	0	0	0	0	0	0	0	0	0	0	0	0	0	0	0	0	0	0	0	0	0	0	0	0	0	0	0	0	0	0	0	0	0	0	0	0	0	0	0	0	0	0	0	0	0	0	0	0	0	0	0	0	0	0	0	0	0	0	0	0	0	0	0	0	0	0	0	0	0	0	0	0	0	0	0	0	0	0	0	0	0	0	0	0	0	0	0	0	0	0	0	0	0	0	0	0	0	0	0	0	0	0	0	0	0	0	0	0	0	0	0	0	0	0	0	0	0	0	0	0	0	0	0	0	0	0	0	0	0	0	0	0	0	0	0	0	0	0	0	0	0	0	0	0	0	0	0	0	0	0	0	0	0	0	0	0	0	0	0	0	0	0	0	0	0	0	0	0	0	0	0	0	0	0	0	0	0	0	0	0	0	0	0	0	0	0	0	0	0	0	0	0	0	0	0	0	0	0	0	0	0	0	0	0	0	0	0	0	0	0	0	0	0	0	0	0	0	0	0	0	0	0	0	0	0	0	0	0	0	0	0	0	0	0	0	0	0	0	0	0	0	0	0	0	0	0	0	0	0	0	0	0	0	0	0	0	0	0	0	0	0	0	0	0	0	0	0	0	0	0	0	0	0	0	0	0	0	0	0	0	0	0	0	0	0	0	0	0	0	0	0	0	0	0	0	0	0	0	0	0	0	0	0	0	0	0	0	0	0	0	0	0	0	0
methanogenesis_by_disproportionation_of_methyl_groups	0	0	0	0	0	0	0	0	0	0	0	0	0	0	0	0	0	0	0	0	0	0	0	0	0	0	0	0	0	0	0	0	0	0	0	0	0	0	0	0	0	0	0	0	0	0	0	0	0	0	0	0	0	0	0	0	0	0	0	0	0	0	0	0	0	0	0	0	0	0	0	0	0	0	0	0	0	0	0	0	0	0	0	0	0	0	0	0	0	0	0	0	0	0	0	0	0	0	0	0	0	0	0	0	0	0	0	0	0	0	0	0	0	0	0	0	0	0	0	0	0	0	0	0	0	0	0	0	0	0	0	0	0	0	0	0	0	0	0	0	0	0	0	0	0	0	0	0	0	0	0	0	0	0	0	0	0	0	0	0	0	0	0	0	0	0	0	0	0	0	0	0	0	0	0	0	0	0	0	0	0	0	0	0	0	0	0	0	0	0	0	0	0	0	0	0	0	0	0	0	0	0	0	0	0	0	0	0	0	0	0	0	0	0	0	0	0	0	0	0	0	0	0	0	0	0	0	0	0	0	0	0	0	0	0	0	0	0	0	0	0	0	0	0	0	0	0	0	0	0	0	0	0	0	0	0	0	0	0	0	0	0	0	0	0	0	0	0	0	0	0	0	0	0	0	0	0	0	0	0	0	0	0	0	0	0	0	0	0	0	0	0	0	0	0	0	0	0	0	0	0	0	0	0	0	0	0	0	0	0	0	0	0	0	0	0	0	0	0	0	0	0	0	0	0	0	0	0	0	0	0	0	0	0	0	0	0	0	0	0	0	0	0	0	0	0	0	0	0	0	0	0	0	0	0	0	0	0	0	0	0	0	0	0	0	0	0	0
methanogenesis_using_formate	0	0	0	0	0	0	0	0	0	0	0	0	0	0	0	0	0	0	0	0	0	0	0	0	0	0	0	0	0	0	0	0	0	0	0	0	0	0	0	0	0	0	0	0	0	0	0	0	0	0	0	0	0	0	0	0	0	0	0	0	0	0	0	0	0	0	0	0	0	0	0	0	0	0	0	0	0	0	0	0	0	0	0	0	0	0	0	0	0	0	0	0	0	0	0	0	0	0	0	0	0	0	0	0	0	0	0	0	0	0	0	0	0	0	0	0	0	0	0	0	0	0	0	0	0	0	0	0	0	0	0	0	0	0	0	0	0	0	0	0	0	0	0	0	0	0	0	0	0	0	0	0	0	0	0	0	0	0	0	0	0	0	0	0	0	0	0	0	0	0	0	0	0	0	0	0	0	0	0	0	0	0	0	0	0	0	0	0	0	0	0	0	0	0	0	0	0	0	0	0	0	0	0	0	0	0	0	0	0	0	0	0	0	0	0	0	0	0	0	0	0	0	0	0	0	0	0	0	0	0	0	0	0	0	0	0	0	0	0	0	0	0	0	0	0	0	0	0	0	0	0	0	0	0	0	0	0	0	0	0	0	0	0	0	0	0	0	0	0	0	0	0	0	0	0	0	0	0	0	0	0	0	0	0	0	0	0	0	0	0	0	0	0	0	0	0	0	0	0	0	0	0	0	0	0	0	0	0	0	0	0	0	0	0	0	0	0	0	0	0	0	0	0	0	0	0	0	0	0	0	0	0	0	0	0	0	0	0	0	0	0	0	0	0	0	0	0	0	0	0	0	0	0	0	0	0	0	0	0	0	0	0	0	0	0	0	0	0
methanogenesis_by_CO2_reduction_with_H2	0	0	0	0	2	0	1	0	0	0	0	0	0	0	0	0	0	0	0	0	0	0	0	0	0	0	0	0	0	0	0	0	0	0	0	0	0	0	0	0	0	0	0	0	1	0	0	1	0	0	2	0	0	0	0	0	0	1	0	0	0	0	0	0	0	0	0	0	0	0	0	0	0	0	0	0	0	0	0	0	0	0	1	0	0	0	0	0	0	0	0	0	1	0	0	0	0	1	0	0	0	0	0	0	1	0	0	0	0	0	0	0	0	0	0	0	0	0	0	0	0	1	0	0	0	0	0	0	0	0	0	0	0	0	0	0	0	0	0	0	0	0	0	0	0	0	0	0	1	0	0	0	0	0	2	0	0	0	0	0	1	0	0	0	0	0	0	0	0	0	0	0	0	0	0	0	0	0	0	0	0	0	0	0	0	0	0	0	0	0	0	0	0	0	0	1	0	1	1	0	0	0	0	0	0	0	0	0	0	0	0	0	0	0	0	0	0	0	0	0	0	0	0	0	0	0	0	0	0	0	1	1	0	0	0	0	0	0	0	0	0	0	0	0	0	0	0	0	0	1	0	0	0	0	0	0	0	0	0	0	0	0	0	0	0	0	0	0	0	0	0	0	0	1	0	0	0	0	0	0	0	0	0	0	1	0	0	0	0	0	0	0	1	0	0	0	0	0	0	0	0	0	0	1	0	0	0	0	0	0	0	0	0	0	0	0	0	0	0	0	1	0	0	0	0	0	0	0	0	0	0	0	1	0	0	0	0	0	1	0	0	0	0	0	0	0	0	0	0	0	0	0	0	0	0	0	0	0	0	0	0	0	0	0	0	0	0	0
methanogenesis_by_reduction_of_methyl_compounds_with_H2	0	0	0	0	0	0	0	0	0	0	0	0	0	0	0	0	0	0	0	0	0	0	0	0	0	0	0	0	0	0	0	0	0	0	0	0	0	0	0	0	0	0	0	0	0	0	0	0	0	0	0	0	0	0	0	0	0	0	0	0	0	0	0	0	0	0	0	0	0	0	0	0	0	0	0	0	0	0	0	0	0	0	0	0	0	0	0	0	0	0	0	0	0	0	0	0	0	0	0	0	0	0	0	0	0	0	0	0	0	0	0	0	0	0	0	0	0	0	0	0	0	0	0	0	0	0	0	0	0	0	0	0	0	0	0	0	0	0	0	0	0	0	0	0	0	0	0	0	0	0	0	0	0	0	0	0	0	0	0	0	0	0	0	0	0	0	0	0	0	0	0	0	0	0	0	0	0	0	0	0	0	0	0	0	0	0	0	0	0	0	0	0	0	0	0	0	0	0	0	0	0	0	0	0	0	0	0	0	0	0	0	0	0	0	0	0	0	0	0	0	0	0	0	0	0	0	0	0	0	0	0	0	0	0	0	0	0	0	0	0	0	0	0	0	0	0	0	0	0	0	0	0	0	0	0	0	0	0	0	0	0	0	0	0	0	0	0	0	0	0	0	0	0	0	0	0	0	0	0	0	0	0	0	0	0	0	0	0	0	0	0	0	0	0	0	0	0	0	0	0	0	0	0	0	0	0	0	0	0	0	0	0	0	0	0	0	0	0	0	0	0	0	0	0	0	0	0	0	0	0	0	0	0	0	0	0	0	0	0	0	0	0	0	0	0	0	0	0	0	0	0	0	0	0	0	0	0	0	0	0	0	0	0	0	0	0	0	0
hydrogenotrophic_methanogenesis	0	0	0	0	2	0	1	0	0	0	0	0	0	0	0	0	0	0	0	0	0	0	0	0	0	0	0	0	0	0	0	0	0	0	0	0	0	0	0	0	0	0	0	0	1	0	0	1	0	0	2	0	0	0	0	0	0	1	0	0	0	0	0	0	0	0	0	0	0	0	0	0	0	0	0	0	0	0	0	0	0	0	1	0	0	0	0	0	0	0	0	0	1	0	0	0	0	1	0	0	0	0	0	0	1	0	0	0	0	0	0	0	0	0	0	0	0	0	0	0	0	1	0	0	0	0	0	0	0	0	0	0	0	0	0	0	0	0	0	0	0	0	0	0	0	0	0	0	1	0	0	0	0	0	2	0	0	0	0	0	1	0	0	0	0	0	0	0	0	0	0	0	0	0	0	0	0	0	0	0	0	0	0	0	0	0	0	0	0	0	0	0	0	0	0	1	0	1	1	0	0	0	0	0	0	0	0	0	0	0	0	0	0	0	0	0	0	0	0	0	0	0	0	0	0	0	0	0	0	0	1	1	0	0	0	0	0	0	0	0	0	0	0	0	0	0	0	0	0	1	0	0	0	0	0	0	0	0	0	0	0	0	0	0	0	0	0	0	0	0	0	0	0	1	0	0	0	0	0	0	0	0	0	0	1	0	0	0	0	0	0	0	1	0	0	0	0	0	0	0	0	0	0	1	0	0	0	0	0	0	0	0	0	0	0	0	0	0	0	0	1	0	0	0	0	0	0	0	0	0	0	0	1	0	0	0	0	0	1	0	0	0	0	0	0	0	0	0	0	0	0	0	0	0	0	0	0	0	0	0	0	0	0	0	0	0	0	0
methanogenesis	0	0	0	0	2	0	1	0	0	0	0	0	0	0	0	0	0	0	0	0	0	0	0	0	0	0	0	0	0	0	0	0	0	0	0	0	0	0	0	0	0	0	0	0	1	0	0	1	0	0	2	0	0	0	0	0	0	1	0	0	0	0	0	0	0	0	0	0	0	0	0	0	0	0	0	0	0	0	0	0	0	0	1	0	0	0	0	0	0	0	0	0	1	0	0	0	0	1	0	0	0	0	0	0	1	0	0	0	0	0	0	0	0	0	0	0	0	0	0	0	0	1	0	0	0	0	0	0	0	0	0	0	0	0	0	0	0	0	0	0	0	0	0	0	0	0	0	0	1	0	0	0	0	0	2	0	0	0	0	0	1	0	0	0	0	0	0	0	0	0	0	0	0	0	0	0	0	0	0	0	0	0	0	0	0	0	0	0	0	0	0	0	0	0	0	1	0	1	1	0	0	0	0	0	0	0	0	0	0	0	0	0	0	0	0	0	0	0	0	0	0	0	0	0	0	0	0	0	0	0	1	1	0	0	0	0	0	0	0	0	0	0	0	0	0	0	0	0	0	1	0	0	0	0	0	0	0	0	0	0	0	0	0	0	0	0	0	0	0	0	0	0	0	1	0	0	0	0	0	0	0	0	0	0	1	0	0	0	0	0	0	0	1	0	0	0	0	0	0	0	0	0	0	1	0	0	0	0	0	0	0	0	0	0	0	0	0	0	0	0	1	0	0	0	0	0	0	0	0	0	0	0	1	0	0	0	0	0	1	0	0	0	0	0	0	0	0	0	0	0	0	0	0	0	0	0	0	0	0	0	0	0	0	0	0	0	0	0
methanol_oxidation	4	9	3	3	2	2	3	0	4	1	4	4	6	5	7	10	12	4	3	5	3	3	6	2	6	1	5	8	2	2	1	1	0	6	4	10	3	4	2	7	16	1	4	2	2	7	4	12	4	9	2	2	0	4	1	5	3	5	5	1	1	3	0	2	6	3	4	9	4	3	8	4	3	4	4	3	3	11	5	3	6	1	2	1	3	6	2	6	10	2	2	6	3	0	2	8	0	0	3	6	3	3	4	2	10	4	4	4	1	5	7	2	2	3	10	1	4	3	4	4	3	1	9	1	2	3	1	2	1	0	2	0	5	3	3	2	6	3	0	4	7	4	2	2	2	7	1	3	3	4	0	0	5	3	2	6	0	6	0	4	1	4	1	2	3	3	3	17	2	0	2	9	2	3	5	5	1	5	4	3	1	8	4	4	1	0	2	4	1	3	0	10	1	4	0	4	14	1	8	1	3	6	8	1	1	2	5	3	6	3	3	1	2	6	7	3	1	2	7	2	6	2	3	4	1	0	4	7	5	10	4	4	4	8	6	2	4	4	1	2	2	5	4	4	0	2	2	12	7	4	1	4	3	3	7	7	2	1	2	2	3	2	1	6	1	1	2	7	1	4	4	4	1	5	2	3	4	2	7	3	1	4	4	1	0	0	6	6	10	4	4	3	4	2	0	4	4	3	5	3	0	2	3	10	3	3	0	4	4	4	2	4	6	2	3	1	2	1	2	12	3	0	0	0	2	3	4	5	6	0	4	6	5	6	4	4	5	7	2	1	3	4	12	3	0	1	2	3	5	2	1	2	3	2	3	2	6	8	4	1	1	6	6	4	5	4	10	2
methylotrophy	4	10	3	3	2	2	3	0	4	1	5	4	6	5	7	10	12	5	3	5	4	4	6	2	6	1	5	8	2	2	1	1	0	6	4	10	3	4	2	7	16	1	4	2	2	7	4	12	5	9	2	2	0	4	1	5	3	5	6	1	1	3	0	2	6	4	4	10	6	4	8	4	3	4	4	3	3	11	6	3	6	4	2	1	3	6	2	6	10	2	2	6	3	0	2	8	0	0	3	7	3	3	4	2	10	4	4	4	1	5	7	2	2	3	10	1	4	3	4	4	4	1	9	1	3	3	1	2	1	0	3	0	5	3	3	2	6	3	0	4	7	4	2	3	2	7	1	3	3	4	0	0	5	3	2	6	0	6	0	4	1	4	1	2	4	3	4	17	2	0	2	9	2	3	6	5	1	5	4	3	1	8	4	4	1	0	2	4	1	3	0	10	1	4	0	4	14	1	8	1	3	6	8	1	1	2	5	3	6	3	3	1	2	6	7	3	1	2	7	2	6	2	3	4	1	1	4	7	5	10	4	4	4	8	7	2	4	5	1	2	2	5	4	4	0	2	2	12	7	4	2	4	4	3	7	8	2	1	2	2	3	2	1	6	1	1	2	7	1	4	4	6	1	5	2	3	4	3	7	3	1	4	4	1	0	0	6	6	10	4	4	3	4	3	0	5	4	3	5	3	0	2	3	10	3	3	0	5	4	4	2	4	6	2	3	1	2	1	2	13	3	0	1	0	2	3	4	7	6	0	4	7	5	6	4	4	5	7	2	1	3	4	12	3	0	1	2	3	5	2	1	3	3	2	3	2	6	8	4	1	1	6	6	4	5	4	10	2
aerobic_ammonia_oxidation	145	198	214	229	204	178	245	269	182	195	240	151	167	194	159	195	202	270	159	179	234	204	262	183	181	201	165	196	255	124	227	243	240	106	173	186	158	210	200	206	168	179	133	174	225	172	269	198	212	223	200	149	192	259	205	150	181	147	270	158	212	187	176	188	330	227	153	151	173	380	153	136	271	125	207	154	233	128	172	224	210	204	216	237	144	204	211	260	204	253	141	277	262	163	270	192	218	214	162	187	146	278	224	173	196	228	217	231	227	198	210	165	170	181	161	170	176	124	243	172	253	267	170	205	227	227	163	196	139	218	265	195	270	247	196	184	220	192	322	163	151	194	178	172	167	223	159	246	136	245	165	132	223	232	204	188	208	167	168	199	249	196	183	242	201	231	123	208	138	217	152	221	267	260	185	184	192	298	234	219	190	199	191	200	141	210	173	175	213	140	189	298	188	179	160	190	165	214	252	209	226	204	173	123	187	176	267	195	258	163	202	164	205	226	290	180	167	221	299	316	224	240	206	205	161	149	192	205	209	177	257	164	175	151	142	254	180	225	146	196	189	142	200	186	145	233	206	218	170	136	217	232	182	187	191	178	157	200	209	220	203	300	217	325	159	180	189	183	190	148	207	287	211	234	205	204	269	267	151	210	210	222	213	241	311	213	174	164	195	129	243	234	239	190	202	151	179	202	256	233	306	224	203	215	254	287	158	225	187	204	215	191	180	177	268	219	175	255	176	164	203	236	240	125	234	149	227	177	178	202	179	263	164	265	169	303	138	312	205	239	163	285	181	261	232	175	156	198	247	239	229	144	228	216	249	284	192	202	184	160	153	200	163	264	156	316	245	325
aerobic_nitrite_oxidation	0	0	0	0	0	0	0	0	0	0	0	0	0	0	0	0	0	0	0	0	0	0	0	0	0	0	0	0	0	0	0	0	0	0	0	0	0	0	0	0	0	0	0	0	0	0	0	0	0	0	0	0	0	0	0	0	0	0	0	0	0	0	0	0	0	0	0	0	0	0	0	0	0	0	0	0	0	0	0	0	0	0	0	0	0	0	0	0	0	0	0	0	0	0	0	0	0	0	0	0	0	0	0	0	0	0	0	0	0	0	0	0	0	0	0	0	0	0	0	0	0	0	0	0	0	0	0	0	0	0	0	0	0	0	0	0	0	0	0	0	0	0	0	0	0	0	0	0	0	0	0	0	0	0	0	0	0	0	0	0	0	0	0	0	0	0	0	0	0	0	0	0	0	0	0	0	0	0	0	0	0	0	0	0	0	0	0	0	0	0	0	0	0	0	0	0	0	0	0	0	0	0	0	0	0	0	0	0	0	0	0	0	0	0	0	0	0	0	0	0	0	0	0	0	0	0	0	0	0	0	0	0	0	0	0	0	0	0	0	0	0	0	0	0	0	0	0	0	0	0	0	0	0	0	0	0	0	0	0	0	0	0	0	0	0	0	0	0	0	0	0	0	0	0	0	0	0	0	0	0	0	0	0	0	0	0	0	0	0	0	0	0	0	0	0	0	0	0	0	0	0	0	0	0	0	0	0	0	0	0	0	0	0	0	0	0	0	0	0	0	0	0	0	0	0	0	0	0	0	0	0	0	0	0	0	0	0	0	0	0	0	0	0	0	0	0	0	0	0	0	0	0	0	0	0	0	0	0	0	0	0	0	0	0	0	0	0	0
nitrification	145	198	214	229	204	178	245	269	182	195	240	151	167	194	159	195	202	270	159	179	234	204	262	183	181	201	165	196	255	124	227	243	240	106	173	186	158	210	200	206	168	179	133	174	225	172	269	198	212	223	200	149	192	259	205	150	181	147	270	158	212	187	176	188	330	227	153	151	173	380	153	136	271	125	207	154	233	128	172	224	210	204	216	237	144	204	211	260	204	253	141	277	262	163	270	192	218	214	162	187	146	278	224	173	196	228	217	231	227	198	210	165	170	181	161	170	176	124	243	172	253	267	170	205	227	227	163	196	139	218	265	195	270	247	196	184	220	192	322	163	151	194	178	172	167	223	159	246	136	245	165	132	223	232	204	188	208	167	168	199	249	196	183	242	201	231	123	208	138	217	152	221	267	260	185	184	192	298	234	219	190	199	191	200	141	210	173	175	213	140	189	298	188	179	160	190	165	214	252	209	226	204	173	123	187	176	267	195	258	163	202	164	205	226	290	180	167	221	299	316	224	240	206	205	161	149	192	205	209	177	257	164	175	151	142	254	180	225	146	196	189	142	200	186	145	233	206	218	170	136	217	232	182	187	191	178	157	200	209	220	203	300	217	325	159	180	189	183	190	148	207	287	211	234	205	204	269	267	151	210	210	222	213	241	311	213	174	164	195	129	243	234	239	190	202	151	179	202	256	233	306	224	203	215	254	287	158	225	187	204	215	191	180	177	268	219	175	255	176	164	203	236	240	125	234	149	227	177	178	202	179	263	164	265	169	303	138	312	205	239	163	285	181	261	232	175	156	198	247	239	229	144	228	216	249	284	192	202	184	160	153	200	163	264	156	316	245	325
sulfate_respiration	0	0	0	0	0	0	0	0	0	0	0	0	0	0	0	0	0	0	0	0	0	0	0	0	0	0	0	0	0	0	0	0	0	0	0	0	0	0	0	0	0	0	0	0	0	0	0	0	0	0	0	0	0	0	0	0	0	0	0	0	0	0	0	0	0	0	0	0	0	0	0	0	0	0	0	0	0	0	0	0	0	0	0	0	0	0	0	0	0	0	0	0	0	0	0	0	0	0	0	0	0	0	0	0	0	0	0	0	0	0	0	0	0	0	0	0	0	0	0	0	0	0	0	0	0	0	0	0	0	0	0	0	0	0	0	0	0	0	0	0	0	0	0	0	0	0	0	0	0	0	0	0	0	0	0	0	0	0	0	0	0	0	0	0	0	0	0	0	0	0	0	0	0	0	0	0	0	0	0	0	0	0	0	0	0	0	0	0	0	0	0	0	0	0	0	0	0	0	0	0	0	0	0	0	0	0	0	0	0	0	0	0	0	0	0	0	0	0	0	0	0	0	0	0	0	0	0	0	0	0	0	0	0	0	0	0	0	0	0	0	0	0	0	0	0	0	0	0	0	0	0	0	0	0	0	0	0	0	0	0	0	0	0	0	0	0	0	0	0	0	0	0	0	0	0	0	0	0	0	0	0	0	0	0	0	0	0	0	0	0	0	0	0	0	0	0	0	0	0	0	0	0	0	0	0	0	0	0	0	0	0	0	0	0	0	0	0	0	0	0	0	0	0	0	0	0	0	0	0	0	0	0	0	0	0	0	0	0	0	0	0	0	0	0	0	0	0	0	0	0	0	0	0	0	0	0	0	0	0	0	0	0	0	0	0	0	0	0
sulfur_respiration	0	0	0	0	0	0	0	0	0	0	0	0	0	0	0	0	0	0	0	0	0	0	0	0	0	0	0	0	0	0	0	0	0	0	0	0	0	0	0	0	0	0	0	0	0	0	0	0	0	0	0	0	0	0	0	0	0	0	0	0	0	0	0	0	0	0	0	0	0	0	0	0	0	0	0	0	0	0	0	0	0	0	0	0	0	0	0	0	0	0	0	0	0	0	0	0	0	0	0	0	0	0	0	0	0	0	0	0	0	0	0	0	0	0	0	0	0	0	0	0	0	0	0	0	0	0	0	0	0	0	0	0	0	0	0	0	0	0	0	0	0	0	0	0	0	0	0	0	0	0	0	0	0	0	0	0	0	0	0	0	0	0	0	0	0	0	0	0	0	0	0	0	0	0	0	0	0	0	0	0	0	0	0	0	0	0	0	0	0	0	0	0	0	0	0	0	0	0	0	0	0	0	0	0	0	0	0	0	0	0	0	0	0	0	0	0	0	0	0	0	0	0	0	0	0	0	0	0	0	0	0	0	0	0	0	0	0	0	0	0	0	0	0	0	0	0	0	0	0	0	0	0	0	0	0	0	0	0	0	0	0	0	0	0	0	0	0	0	0	0	0	0	0	0	0	0	0	0	0	0	0	0	0	0	0	0	0	0	0	0	0	0	0	0	0	0	0	0	0	0	0	0	0	0	0	0	0	0	0	0	0	0	0	0	0	0	0	0	0	0	0	0	0	0	0	0	0	0	0	0	0	0	0	0	0	0	0	0	0	0	0	0	0	0	0	0	0	0	0	0	0	0	0	0	0	0	0	0	0	0	0	0	0	0	0	0	0	0
dark_sulfite_oxidation	0	0	0	0	0	0	0	0	0	0	0	0	0	0	0	0	0	0	0	0	0	0	0	0	0	0	0	0	0	0	0	0	0	0	0	0	0	0	0	0	0	0	0	0	0	0	0	0	0	0	0	0	0	0	0	0	0	0	0	0	0	0	0	0	0	0	0	0	0	0	0	0	0	0	0	0	0	0	0	0	0	0	0	0	0	0	0	0	0	0	0	0	0	0	0	0	0	0	0	0	0	0	0	0	0	0	0	0	0	0	0	0	0	0	0	0	0	0	0	0	0	0	0	0	0	0	0	0	0	0	0	0	0	0	0	0	0	0	0	0	0	0	0	0	0	0	0	0	0	0	0	0	0	0	0	0	0	0	0	0	0	0	0	0	0	0	0	0	0	0	0	0	0	0	0	0	0	0	0	0	0	0	0	0	0	0	0	0	0	0	0	0	0	0	0	0	0	0	0	0	0	0	0	0	0	0	0	0	0	0	0	0	0	0	0	0	0	0	0	0	0	0	0	0	0	0	0	0	0	0	0	0	0	0	0	0	0	0	0	0	0	0	0	0	0	0	0	0	0	0	0	0	0	0	0	0	0	0	0	0	0	0	0	0	0	0	0	0	0	0	0	0	0	0	0	0	0	0	0	0	0	0	0	0	0	0	0	0	0	0	0	0	0	0	0	0	0	0	0	0	0	0	0	0	0	0	0	0	0	0	0	0	0	0	0	0	0	0	0	0	0	0	0	0	0	0	0	0	0	0	0	0	0	0	0	0	0	0	0	0	0	0	0	0	0	0	0	0	0	0	0	0	0	0	0	0	0	0	0	0	0	0	0	0	0	0	0	0
sulfite_respiration	0	0	0	0	0	0	0	0	0	0	0	0	0	0	0	0	0	0	0	0	0	0	0	0	0	0	0	0	0	0	0	0	0	0	0	0	0	0	0	0	0	0	0	0	0	0	0	0	0	0	0	0	0	0	0	0	0	0	0	0	0	0	0	0	0	0	0	0	0	0	0	0	0	0	0	0	0	0	0	0	0	0	0	0	0	0	0	0	0	0	0	0	0	0	0	0	0	0	0	0	0	0	0	0	0	0	0	0	0	0	0	0	0	0	0	0	0	0	0	0	0	0	0	0	0	0	0	0	0	0	0	0	0	0	0	0	0	0	0	0	0	0	0	0	0	0	0	0	0	0	0	0	0	0	0	0	0	0	0	0	0	0	0	0	0	0	0	0	0	0	0	0	0	0	0	0	0	0	0	0	0	0	0	0	0	0	0	0	0	0	0	0	0	0	0	0	0	0	0	0	0	0	0	0	0	0	0	0	0	0	0	0	0	0	0	0	0	0	0	0	0	0	0	0	0	0	0	0	0	0	0	0	0	0	0	0	0	0	0	0	0	0	0	0	0	0	0	0	0	0	0	0	0	0	0	0	0	0	0	0	0	0	0	0	0	0	0	0	0	0	0	0	0	0	0	0	0	0	0	0	0	0	0	0	0	0	0	0	0	0	0	0	0	0	0	0	0	0	0	0	0	0	0	0	0	0	0	0	0	0	0	0	0	0	0	0	0	0	0	0	0	0	0	0	0	0	0	0	0	0	0	0	0	0	0	0	0	0	0	0	0	0	0	0	0	0	0	0	0	0	0	0	0	0	0	0	0	0	0	0	0	0	0	0	0	0	0	0
thiosulfate_respiration	0	0	0	0	0	0	0	0	0	0	0	0	0	0	0	0	0	0	0	0	0	0	0	0	0	0	0	0	0	0	0	0	0	0	0	0	0	0	0	0	0	0	0	0	0	0	0	0	0	0	0	0	0	0	0	0	0	0	0	0	0	0	0	0	0	0	0	0	0	0	0	0	0	0	0	0	0	0	0	0	0	0	0	0	0	0	0	0	0	0	0	0	0	0	0	0	0	0	0	0	0	0	0	0	0	0	0	0	0	0	0	0	0	0	0	0	0	0	0	0	0	0	0	0	0	0	0	0	0	0	0	0	0	0	0	0	0	0	0	0	0	0	0	0	0	0	0	0	0	0	0	0	0	0	0	0	0	0	0	0	0	0	0	0	0	0	0	0	0	0	0	0	0	0	0	0	0	0	0	0	0	0	0	0	0	0	0	0	0	0	0	0	0	0	0	0	0	0	0	0	0	0	0	0	0	0	0	0	0	0	0	0	0	0	0	0	0	0	0	0	0	0	0	0	0	0	0	0	0	0	0	0	0	0	0	0	0	0	0	0	0	0	0	0	0	0	0	0	0	0	0	0	0	0	0	0	0	0	0	0	0	0	0	0	0	0	0	0	0	0	0	0	0	0	0	0	0	0	0	0	0	0	0	0	0	0	0	0	0	0	0	0	0	0	0	0	0	0	0	0	0	0	0	0	0	0	0	0	0	0	0	0	0	0	0	0	0	0	0	0	0	0	0	0	0	0	0	0	0	0	0	0	0	0	0	0	0	0	0	0	0	0	0	0	0	0	0	0	0	0	0	0	0	0	0	0	0	0	0	0	0	0	0	0	0	0	0	0
respiration_of_sulfur_compounds	0	0	0	0	0	0	0	0	0	0	0	0	0	0	0	0	0	0	0	0	0	0	0	0	0	0	0	0	0	0	0	0	0	0	0	0	0	0	0	0	0	0	0	0	0	0	0	0	0	0	0	0	0	0	0	0	0	0	0	0	0	0	0	0	0	0	0	0	0	0	0	0	0	0	0	0	0	0	0	0	0	0	0	0	0	0	0	0	0	0	0	0	0	0	0	0	0	0	0	0	0	0	0	0	0	0	0	0	0	0	0	0	0	0	0	0	0	0	0	0	0	0	0	0	0	0	0	0	0	0	0	0	0	0	0	0	0	0	0	0	0	0	0	0	0	0	0	0	0	0	0	0	0	0	0	0	0	0	0	0	0	0	0	0	0	0	0	0	0	0	0	0	0	0	0	0	0	0	0	0	0	0	0	0	0	0	0	0	0	0	0	0	0	0	0	0	0	0	0	0	0	0	0	0	0	0	0	0	0	0	0	0	0	0	0	0	0	0	0	0	0	0	0	0	0	0	0	0	0	0	0	0	0	0	0	0	0	0	0	0	0	0	0	0	0	0	0	0	0	0	0	0	0	0	0	0	0	0	0	0	0	0	0	0	0	0	0	0	0	0	0	0	0	0	0	0	0	0	0	0	0	0	0	0	0	0	0	0	0	0	0	0	0	0	0	0	0	0	0	0	0	0	0	0	0	0	0	0	0	0	0	0	0	0	0	0	0	0	0	0	0	0	0	0	0	0	0	0	0	0	0	0	0	0	0	0	0	0	0	0	0	0	0	0	0	0	0	0	0	0	0	0	0	0	0	0	0	0	0	0	0	0	0	0	0	0	0	0
arsenate_detoxification	0	0	0	0	0	0	0	0	0	0	0	0	0	0	0	0	0	0	0	0	0	0	0	0	0	0	0	0	0	0	0	0	0	0	0	0	0	0	0	0	0	0	0	0	0	0	0	0	0	0	0	0	0	0	0	0	0	0	0	0	0	0	0	0	0	0	0	0	0	0	0	0	0	0	0	0	0	0	0	0	0	0	0	0	0	0	0	0	0	0	0	0	0	0	0	0	0	0	0	0	0	0	0	0	0	0	0	0	0	0	0	0	0	0	0	0	0	0	0	0	0	0	0	0	0	0	0	0	0	0	0	0	0	0	0	0	0	0	0	0	0	0	0	0	0	0	0	0	0	0	0	0	0	0	0	0	0	0	0	0	0	0	0	0	0	0	0	0	0	0	0	0	0	0	0	0	0	0	0	0	0	0	0	0	0	0	0	0	0	0	0	0	0	0	0	0	0	0	0	0	0	0	0	0	0	0	0	0	0	0	0	0	0	0	0	0	0	0	0	0	0	0	0	0	0	0	0	0	0	0	0	0	0	0	0	0	0	0	0	0	0	0	0	0	0	0	0	0	0	0	0	0	0	0	0	0	0	0	0	0	0	0	0	0	0	0	0	0	0	0	0	0	0	0	0	0	0	0	0	0	0	0	0	0	0	0	0	0	0	0	0	0	0	0	0	0	0	0	0	0	0	0	0	0	0	0	0	0	0	0	0	0	0	0	0	0	0	0	0	0	0	0	0	0	0	0	0	0	0	0	0	0	0	0	0	0	0	0	0	0	0	0	0	0	0	0	0	0	0	0	0	0	0	0	0	0	0	0	0	0	0	0	0	0	0	0	0	0
arsenate_respiration	0	0	0	0	0	0	0	0	0	0	0	0	0	0	0	0	0	0	0	0	0	0	0	0	0	0	0	0	0	0	0	0	0	0	0	0	0	0	0	0	0	0	0	0	0	0	0	0	0	0	0	0	0	0	0	0	0	0	0	0	0	0	0	0	0	0	0	0	0	0	0	0	0	0	0	0	0	0	0	0	0	0	0	0	0	0	0	0	0	0	0	0	0	0	0	0	0	0	0	0	0	0	0	0	0	0	0	0	0	0	0	0	0	0	0	0	0	0	0	0	0	0	0	0	0	0	0	0	0	0	0	0	0	0	0	0	0	0	0	0	0	0	0	0	0	0	0	0	0	0	0	0	0	0	0	0	0	0	0	0	0	0	0	0	0	0	0	0	0	0	0	0	0	0	0	0	0	0	0	0	0	0	0	0	0	0	0	0	0	0	0	0	0	0	0	0	0	0	0	0	0	0	0	0	0	0	0	0	0	0	0	0	0	0	0	0	0	0	0	0	0	0	0	0	0	0	0	0	0	0	0	0	0	0	0	0	0	0	0	0	0	0	0	0	0	0	0	0	0	0	0	0	0	0	0	0	0	0	0	0	0	0	0	0	0	0	0	0	0	0	0	0	0	0	0	0	0	0	0	0	0	0	0	0	0	0	0	0	0	0	0	0	0	0	0	0	0	0	0	0	0	0	0	0	0	0	0	0	0	0	0	0	0	0	0	0	0	0	0	0	0	0	0	0	0	0	0	0	0	0	0	0	0	0	0	0	0	0	0	0	0	0	0	0	0	0	0	0	0	0	0	0	0	0	0	0	0	0	0	0	0	0	0	0	0	0	0	0
dissimilatory_arsenate_reduction	0	0	0	0	0	0	0	0	0	0	0	0	0	0	0	0	0	0	0	0	0	0	0	0	0	0	0	0	0	0	0	0	0	0	0	0	0	0	0	0	0	0	0	0	0	0	0	0	0	0	0	0	0	0	0	0	0	0	0	0	0	0	0	0	0	0	0	0	0	0	0	0	0	0	0	0	0	0	0	0	0	0	0	0	0	0	0	0	0	0	0	0	0	0	0	0	0	0	0	0	0	0	0	0	0	0	0	0	0	0	0	0	0	0	0	0	0	0	0	0	0	0	0	0	0	0	0	0	0	0	0	0	0	0	0	0	0	0	0	0	0	0	0	0	0	0	0	0	0	0	0	0	0	0	0	0	0	0	0	0	0	0	0	0	0	0	0	0	0	0	0	0	0	0	0	0	0	0	0	0	0	0	0	0	0	0	0	0	0	0	0	0	0	0	0	0	0	0	0	0	0	0	0	0	0	0	0	0	0	0	0	0	0	0	0	0	0	0	0	0	0	0	0	0	0	0	0	0	0	0	0	0	0	0	0	0	0	0	0	0	0	0	0	0	0	0	0	0	0	0	0	0	0	0	0	0	0	0	0	0	0	0	0	0	0	0	0	0	0	0	0	0	0	0	0	0	0	0	0	0	0	0	0	0	0	0	0	0	0	0	0	0	0	0	0	0	0	0	0	0	0	0	0	0	0	0	0	0	0	0	0	0	0	0	0	0	0	0	0	0	0	0	0	0	0	0	0	0	0	0	0	0	0	0	0	0	0	0	0	0	0	0	0	0	0	0	0	0	0	0	0	0	0	0	0	0	0	0	0	0	0	0	0	0	0	0	0	0
arsenite_oxidation_detoxification	0	0	0	0	0	0	0	0	0	0	0	0	0	0	0	0	0	0	0	0	0	0	0	0	0	0	0	0	0	0	0	0	0	0	0	0	0	0	0	0	0	0	0	0	0	0	0	0	0	0	0	0	0	0	0	0	0	0	0	0	0	0	0	0	0	0	0	0	0	0	0	0	0	0	0	0	0	0	0	0	0	0	0	0	0	0	0	0	0	0	0	0	0	0	0	0	0	0	0	0	0	0	0	0	0	0	0	0	0	0	0	0	0	0	0	0	0	0	0	0	0	0	0	0	0	0	0	0	0	0	0	0	0	0	0	0	0	0	0	0	0	0	0	0	0	0	0	0	0	0	0	0	0	0	0	0	0	0	0	0	0	0	0	0	0	0	0	0	0	0	0	0	0	0	0	0	0	0	0	0	0	0	0	0	0	0	0	0	0	0	0	0	0	0	0	0	0	0	0	0	0	0	0	0	0	0	0	0	0	0	0	0	0	0	0	0	0	0	0	0	0	0	0	0	0	0	0	0	0	0	0	0	0	0	0	0	0	0	0	0	0	0	0	0	0	0	0	0	0	0	0	0	0	0	0	0	0	0	0	0	0	0	0	0	0	0	0	0	0	0	0	0	0	0	0	0	0	0	0	0	0	0	0	0	0	0	0	0	0	0	0	0	0	0	0	0	0	0	0	0	0	0	0	0	0	0	0	0	0	0	0	0	0	0	0	0	0	0	0	0	0	0	0	0	0	0	0	0	0	0	0	0	0	0	0	0	0	0	0	0	0	0	0	0	0	0	0	0	0	0	0	0	0	0	0	0	0	0	0	0	0	0	0	0	0	0	0	0
arsenite_oxidation_energy_yielding	0	0	0	0	0	0	0	0	0	0	0	0	0	0	0	0	0	0	0	0	0	0	0	0	0	0	0	0	0	0	0	0	0	0	0	0	0	0	0	0	0	0	0	0	0	0	0	0	0	0	0	0	0	0	0	0	0	0	0	0	0	0	0	0	0	0	0	0	0	0	0	0	0	0	0	0	0	0	0	0	0	0	0	0	0	0	0	0	0	0	0	0	0	0	0	0	0	0	0	0	0	0	0	0	0	0	0	0	0	0	0	0	0	0	0	0	0	0	0	0	0	0	0	0	0	0	0	0	0	0	0	0	0	0	0	0	0	0	0	0	0	0	0	0	0	0	0	0	0	0	0	0	0	0	0	0	0	0	0	0	0	0	0	0	0	0	0	0	0	0	0	0	0	0	0	0	0	0	0	0	0	0	0	0	0	0	0	0	0	0	0	0	0	0	0	0	0	0	0	0	0	0	0	0	0	0	0	0	0	0	0	0	0	0	0	0	0	0	0	0	0	0	0	0	0	0	0	0	0	0	0	0	0	0	0	0	0	0	0	0	0	0	0	0	0	0	0	0	0	0	0	0	0	0	0	0	0	0	0	0	0	0	0	0	0	0	0	0	0	0	0	0	0	0	0	0	0	0	0	0	0	0	0	0	0	0	0	0	0	0	0	0	0	0	0	0	0	0	0	0	0	0	0	0	0	0	0	0	0	0	0	0	0	0	0	0	0	0	0	0	0	0	0	0	0	0	0	0	0	0	0	0	0	0	0	0	0	0	0	0	0	0	0	0	0	0	0	0	0	0	0	0	0	0	0	0	0	0	0	0	0	0	0	0	0	0	0	0
dissimilatory_arsenite_oxidation	0	0	0	0	0	0	0	0	0	0	0	0	0	0	0	0	0	0	0	0	0	0	0	0	0	0	0	0	0	0	0	0	0	0	0	0	0	0	0	0	0	0	0	0	0	0	0	0	0	0	0	0	0	0	0	0	0	0	0	0	0	0	0	0	0	0	0	0	0	0	0	0	0	0	0	0	0	0	0	0	0	0	0	0	0	0	0	0	0	0	0	0	0	0	0	0	0	0	0	0	0	0	0	0	0	0	0	0	0	0	0	0	0	0	0	0	0	0	0	0	0	0	0	0	0	0	0	0	0	0	0	0	0	0	0	0	0	0	0	0	0	0	0	0	0	0	0	0	0	0	0	0	0	0	0	0	0	0	0	0	0	0	0	0	0	0	0	0	0	0	0	0	0	0	0	0	0	0	0	0	0	0	0	0	0	0	0	0	0	0	0	0	0	0	0	0	0	0	0	0	0	0	0	0	0	0	0	0	0	0	0	0	0	0	0	0	0	0	0	0	0	0	0	0	0	0	0	0	0	0	0	0	0	0	0	0	0	0	0	0	0	0	0	0	0	0	0	0	0	0	0	0	0	0	0	0	0	0	0	0	0	0	0	0	0	0	0	0	0	0	0	0	0	0	0	0	0	0	0	0	0	0	0	0	0	0	0	0	0	0	0	0	0	0	0	0	0	0	0	0	0	0	0	0	0	0	0	0	0	0	0	0	0	0	0	0	0	0	0	0	0	0	0	0	0	0	0	0	0	0	0	0	0	0	0	0	0	0	0	0	0	0	0	0	0	0	0	0	0	0	0	0	0	0	0	0	0	0	0	0	0	0	0	0	0	0	0	0
anammox	0	0	0	0	0	0	0	0	0	0	0	0	0	0	0	0	0	0	0	0	0	0	0	0	0	0	0	0	0	0	0	0	0	0	0	0	0	0	0	0	0	0	0	0	0	0	0	0	0	0	0	0	0	0	0	0	0	0	0	0	0	0	0	0	0	0	0	0	0	0	0	0	0	0	0	0	0	0	0	0	0	0	0	0	0	0	0	0	0	0	0	0	0	0	0	0	0	0	0	0	0	0	0	0	0	0	0	0	0	0	0	0	0	0	0	0	0	0	0	0	0	0	0	0	0	0	0	0	0	0	0	0	0	0	0	0	0	0	0	0	0	0	0	0	0	0	0	0	0	0	0	0	0	0	0	0	0	0	0	0	0	0	0	0	0	0	0	0	0	0	0	0	0	0	0	0	0	0	0	0	0	0	0	0	0	0	0	0	0	0	0	0	0	0	0	0	0	0	0	0	0	0	0	0	0	0	0	0	0	0	0	0	0	0	0	0	0	0	0	0	0	0	0	0	0	0	0	0	0	0	0	0	0	0	0	0	0	0	0	0	0	0	0	0	0	0	0	0	0	0	0	0	0	0	0	0	0	0	0	0	0	0	0	0	0	0	0	0	0	0	0	0	0	0	0	0	0	0	0	0	0	0	0	0	0	0	0	0	0	0	0	0	0	0	0	0	0	0	0	0	0	0	0	0	0	0	0	0	0	0	0	0	0	0	0	0	0	0	0	0	0	0	0	0	0	0	0	0	0	0	0	0	0	0	0	0	0	0	0	0	0	0	0	0	0	0	0	0	0	0	0	0	0	0	0	0	0	0	0	0	0	0	0	0	0	0	0	0
nitrate_denitrification	24	27	20	26	47	41	37	63	42	55	41	52	24	51	26	32	21	20	46	50	45	53	12	32	49	47	66	27	45	23	29	34	29	30	18	58	47	21	37	49	32	24	38	15	34	25	26	46	59	55	37	62	43	32	48	48	63	25	18	28	48	23	67	39	39	30	40	35	43	33	40	48	30	51	19	49	39	38	40	35	40	62	47	36	37	54	39	36	51	24	41	35	58	40	37	36	56	54	45	58	32	47	47	34	30	38	35	39	30	17	49	43	39	57	40	40	39	31	26	28	32	24	47	30	36	42	23	39	34	56	38	22	29	27	54	36	45	62	27	41	53	28	49	64	52	34	23	30	40	37	46	55	31	22	34	23	52	36	41	36	40	40	49	52	52	21	32	35	55	26	22	33	34	40	31	41	33	46	30	48	33	46	50	51	21	40	38	36	41	34	46	30	26	42	63	37	49	39	35	54	33	32	42	38	49	46	39	42	36	45	60	48	39	29	37	32	43	34	29	36	65	29	33	46	22	45	66	29	47	35	42	23	42	35	31	34	24	41	47	28	41	43	31	38	38	48	40	34	40	43	40	39	41	49	39	30	59	38	52	31	63	28	41	25	34	42	34	53	52	44	52	37	45	32	47	33	22	22	32	44	50	30	24	44	26	42	51	26	30	35	34	37	43	34	24	52	46	36	33	47	20	31	55	21	30	39	50	41	24	52	37	30	41	19	29	48	46	40	33	30	35	35	42	47	53	30	45	54	30	37	21	46	50	46	47	41	47	34	30	37	40	48	47	36	46	40	50	45	38	54	32	68	39	30	41	32	41	23	46	28	50	42	27	51	43	30	40	52
nitrite_denitrification	24	27	20	26	47	41	37	63	42	55	41	52	24	51	26	32	21	20	46	50	45	53	12	32	49	47	66	27	45	23	29	34	29	30	18	58	47	21	37	49	32	24	38	15	34	25	26	46	59	55	37	62	43	32	48	48	63	25	18	28	48	23	67	39	39	30	40	35	43	33	40	48	30	51	19	49	39	38	40	35	40	62	47	36	37	54	39	36	51	24	41	35	58	40	37	36	56	54	45	58	32	47	47	34	30	38	35	39	30	17	49	43	39	57	40	40	39	31	26	28	32	24	47	30	36	42	23	39	34	56	38	22	29	27	54	36	45	62	27	41	53	28	49	64	52	34	23	30	40	37	46	55	31	22	34	23	52	36	41	36	40	40	49	52	52	21	32	35	55	26	22	33	34	40	31	41	33	46	30	48	33	46	50	51	21	40	38	36	41	34	46	30	26	42	63	37	49	39	35	54	33	32	42	38	49	46	39	42	36	45	60	48	39	29	37	32	43	34	29	36	65	29	33	46	22	45	66	29	47	35	42	23	42	35	31	34	24	41	47	28	41	43	31	38	38	48	40	34	40	43	40	39	41	49	39	30	59	38	52	31	63	28	41	25	34	42	34	53	52	44	52	37	45	32	47	33	22	22	32	44	50	30	24	44	26	42	51	26	30	35	34	37	43	34	24	52	46	36	33	47	20	31	55	21	30	39	50	41	24	52	37	30	41	19	29	48	46	40	33	30	35	35	42	47	53	30	45	54	30	37	21	46	50	46	47	41	47	34	30	37	40	48	47	36	46	40	50	45	38	54	32	68	39	30	41	32	41	23	46	28	50	42	27	51	43	30	40	52
nitrous_oxide_denitrification	0	0	0	0	0	0	0	0	0	0	0	0	0	0	0	0	0	0	0	0	0	0	0	0	0	0	0	0	0	0	0	0	0	0	0	0	0	0	0	0	0	0	0	0	0	0	0	0	0	0	0	0	0	0	0	0	0	0	0	0	0	0	0	0	0	0	0	0	0	0	0	0	0	0	0	0	0	0	0	0	0	0	0	0	0	0	0	0	0	0	0	0	0	0	0	0	0	0	0	0	0	0	0	0	0	0	0	0	0	0	0	0	0	0	0	0	0	0	0	0	0	0	0	0	0	0	0	0	0	0	0	0	0	0	0	0	0	0	0	0	0	0	0	0	0	0	0	0	0	0	0	0	0	0	0	0	0	0	0	0	0	0	0	0	0	0	0	0	0	0	0	0	0	0	0	0	0	0	0	0	0	0	0	0	0	0	0	0	0	0	0	0	0	0	0	0	0	0	0	0	0	0	0	0	0	0	0	0	0	0	0	0	0	0	0	0	0	0	0	0	0	0	0	0	0	0	0	0	0	0	0	0	0	0	0	0	0	0	0	0	0	0	0	0	0	0	0	0	0	0	0	0	0	0	0	0	0	0	0	0	0	0	0	0	0	0	0	0	0	0	0	0	0	0	0	0	0	0	0	0	0	0	0	0	0	0	0	0	0	0	0	0	0	0	0	0	0	0	0	0	0	0	0	0	0	0	0	0	0	0	0	0	0	0	0	0	0	0	0	0	0	0	0	0	0	0	0	0	0	0	0	0	0	0	0	0	0	0	0	0	0	0	0	0	0	0	0	0	0	0	0	0	0	0	0	0	0	0	0	0	0	0	0	0	0	0	0	0
denitrification	24	27	20	26	47	41	37	63	42	55	41	52	24	51	26	32	21	20	46	50	45	53	12	32	49	47	66	27	45	23	29	34	29	30	18	58	47	21	37	49	32	24	38	15	34	25	26	46	59	55	37	62	43	32	48	48	63	25	18	28	48	23	67	39	39	30	40	35	43	33	40	48	30	51	19	49	39	38	40	35	40	62	47	36	37	54	39	36	51	24	41	35	58	40	37	36	56	54	45	58	32	47	47	34	30	38	35	39	30	17	49	43	39	57	40	40	39	31	26	28	32	24	47	30	36	42	23	39	34	56	38	22	29	27	54	36	45	62	27	41	53	28	49	64	52	34	23	30	40	37	46	55	31	22	34	23	52	36	41	36	40	40	49	52	52	21	32	35	55	26	22	33	34	40	31	41	33	46	30	48	33	46	50	51	21	40	38	36	41	34	46	30	26	42	63	37	49	39	35	54	33	32	42	38	49	46	39	42	36	45	60	48	39	29	37	32	43	34	29	36	65	29	33	46	22	45	66	29	47	35	42	23	42	35	31	34	24	41	47	28	41	43	31	38	38	48	40	34	40	43	40	39	41	49	39	30	59	38	52	31	63	28	41	25	34	42	34	53	52	44	52	37	45	32	47	33	22	22	32	44	50	30	24	44	26	42	51	26	30	35	34	37	43	34	24	52	46	36	33	47	20	31	55	21	30	39	50	41	24	52	37	30	41	19	29	48	46	40	33	30	35	35	42	47	53	30	45	54	30	37	21	46	50	46	47	41	47	34	30	37	40	48	47	36	46	40	50	45	38	54	32	68	39	30	41	32	41	23	46	28	50	42	27	51	43	30	40	52
chitinolysis	8	2	9	2	2	25	5	4	1	0	1	18	0	9	2	3	17	2	1	1	4	13	3	20	3	15	14	10	13	0	0	2	22	9	1	7	1	24	4	1	8	1	9	25	7	4	9	6	6	3	15	0	6	7	0	2	8	2	2	7	0	16	6	12	3	0	18	10	0	0	9	11	20	6	12	6	3	2	23	23	13	0	1	7	5	5	6	9	0	4	5	23	9	0	7	4	1	2	7	15	0	0	0	0	1	4	14	15	15	3	9	17	4	14	4	14	15	9	21	15	0	19	6	19	4	3	31	5	1	11	1	14	1	4	3	21	6	17	12	10	5	4	10	1	10	7	0	12	2	22	1	3	8	3	1	1	16	10	0	2	6	2	6	6	11	6	6	8	26	7	30	3	2	0	1	5	1	1	5	2	6	2	5	2	2	29	0	0	8	4	1	4	15	5	2	12	5	13	4	14	1	1	19	3	3	2	0	18	16	18	14	5	0	0	1	7	9	0	15	4	2	3	10	1	12	5	1	5	13	1	7	0	2	1	3	8	0	1	0	4	0	10	8	4	20	1	2	14	2	12	0	4	18	4	5	2	9	12	0	15	2	8	11	6	6	2	16	3	5	5	0	5	10	0	12	3	15	1	3	0	4	4	3	27	5	11	13	6	3	3	6	6	1	6	5	6	6	2	11	2	1	1	5	2	6	0	2	2	3	0	0	4	18	4	24	5	2	1	1	9	3	10	3	6	23	9	4	1	3	7	12	18	3	1	18	12	4	0	22	0	5	7	7	13	5	14	6	8	6	2	0	8	3	2	2	5	0	19	2	9	7	1	9	22	8	1	4	4
knallgas_bacteria	0	0	0	0	0	0	0	0	0	0	0	0	0	0	0	0	0	0	0	0	0	0	0	0	0	0	0	0	0	0	0	0	0	0	0	0	0	0	0	0	0	0	0	0	0	0	0	0	0	0	0	0	0	0	0	0	0	0	0	0	0	0	0	0	0	0	0	0	0	0	0	0	0	0	0	0	0	0	0	0	0	0	0	0	0	0	0	0	0	0	0	0	0	0	0	0	0	0	0	0	0	0	0	0	0	0	0	0	0	0	0	0	0	0	0	0	0	0	0	0	0	0	0	0	0	0	0	0	0	0	0	0	0	0	0	0	0	0	0	0	0	0	0	0	0	0	0	0	0	0	0	0	0	0	0	0	0	0	0	0	0	0	0	0	0	0	0	0	0	0	0	0	0	0	0	0	0	0	0	0	0	0	0	0	0	0	0	0	0	0	0	0	0	0	0	0	0	0	0	0	0	0	0	0	0	0	0	0	0	0	0	0	0	0	0	0	0	0	0	0	0	0	0	0	0	0	0	0	0	0	0	0	0	0	0	0	0	0	0	0	0	0	0	0	0	0	0	0	0	0	0	0	0	0	0	0	0	0	0	0	0	0	0	0	0	0	0	0	0	0	0	0	0	0	0	0	0	0	0	0	0	0	0	0	0	0	0	0	0	0	0	0	0	0	0	0	0	0	0	0	0	0	0	0	0	0	0	0	0	0	0	0	0	0	0	0	0	0	0	0	0	0	0	0	0	0	0	0	0	0	0	0	0	0	0	0	0	0	0	0	0	0	0	0	0	0	0	0	0	0	0	0	0	0	0	0	0	0	0	0	0	0	0	0	0	0	0	0
dark_hydrogen_oxidation	0	0	1	0	2	0	1	0	0	0	0	0	0	0	0	0	0	0	0	0	0	0	0	0	0	0	0	0	2	0	0	0	0	0	0	0	0	1	0	0	0	0	0	1	1	0	1	1	0	0	2	0	0	1	0	0	0	1	0	0	0	0	0	0	0	0	0	0	0	0	0	0	1	0	2	0	0	0	0	0	0	0	1	0	0	0	0	1	0	0	2	0	1	0	1	0	0	1	0	0	0	0	0	0	1	0	4	0	0	0	0	0	0	0	0	0	2	0	0	2	0	2	0	0	0	0	0	1	0	0	0	0	0	0	0	0	0	0	0	0	0	0	0	0	0	2	0	0	1	0	0	0	2	0	2	0	0	0	0	0	1	0	0	0	0	0	0	0	0	0	0	0	0	0	0	0	0	0	0	0	0	0	0	0	0	0	0	0	1	0	0	2	1	0	0	1	0	1	1	0	0	0	0	0	0	0	0	0	4	0	0	0	0	0	0	0	1	0	1	0	0	0	0	0	0	0	0	0	0	0	3	1	0	0	0	0	0	0	0	0	0	0	0	0	0	0	0	8	0	1	0	0	0	0	0	0	0	0	0	0	0	0	1	1	0	0	1	0	0	0	0	3	1	1	2	0	0	0	0	0	0	0	0	0	1	0	0	0	0	0	0	0	1	0	0	0	0	0	0	0	0	0	0	1	1	0	0	0	0	0	0	0	2	0	1	0	0	0	0	0	1	0	0	0	0	0	0	0	0	0	1	2	1	0	0	2	0	0	1	0	0	0	0	1	0	0	0	0	0	0	0	0	0	0	0	0	0	0	0	0	0	0	0	0	1	0	10	1
nitrogen_fixation	72	61	41	85	72	59	63	116	80	99	104	61	30	88	64	120	92	67	83	69	63	68	112	73	91	59	78	60	71	60	68	88	53	71	73	90	111	30	87	126	79	50	107	38	55	109	29	89	71	87	50	122	62	40	119	122	82	72	78	68	105	67	96	73	95	95	59	98	153	83	105	101	37	97	35	84	89	108	64	60	52	122	87	49	72	106	106	49	87	67	55	33	105	110	43	92	97	77	105	67	54	148	100	72	93	90	37	71	63	103	79	85	58	52	108	86	52	77	58	51	97	44	82	76	85	86	45	56	87	74	84	29	72	83	90	66	88	94	44	95	96	92	69	110	89	62	67	52	96	42	83	102	40	50	71	77	75	101	114	69	79	84	97	71	75	45	51	95	59	68	45	84	73	93	115	110	43	86	70	83	81	100	84	96	48	50	103	121	45	80	104	79	49	77	79	63	102	81	86	56	78	101	104	107	94	80	80	63	44	74	111	67	61	72	97	40	60	128	51	94	98	69	49	126	62	106	106	109	109	71	45	76	95	112	68	40	48	102	128	80	119	83	73	117	62	93	72	73	96	74	91	76	56	104	119	91	72	62	80	67	106	58	90	43	77	105	55	123	75	111	127	51	49	52	65	98	73	80	67	81	105	82	97	79	61	55	108	87	85	51	94	67	109	65	74	68	74	90	44	71	40	77	76	97	50	84	87	89	69	100	114	81	35	56	55	91	113	127	43	92	53	35	105	65	74	69	108	110	54	46	43	56	111	99	59	49	110	90	52	94	94	80	86	59	44	56	86	118	84	65	38	94	110	85	89	53	106	79	111	84	99	126	66	87	54	63	41	63
nitrate_ammonification	0	0	0	0	0	0	0	0	0	0	0	0	0	0	0	0	0	0	0	0	0	0	0	0	0	0	0	0	0	0	0	0	0	0	0	0	0	0	0	0	0	0	0	0	0	0	0	0	0	0	0	0	0	0	0	0	0	0	0	0	0	0	0	0	0	0	0	0	0	0	0	0	0	0	0	0	0	0	0	0	0	0	0	0	0	0	0	0	0	0	0	0	0	0	0	0	0	0	0	0	0	0	0	0	0	0	0	0	0	0	0	0	0	0	0	0	0	0	0	0	0	0	0	0	0	0	0	0	0	0	0	0	0	0	0	0	0	0	0	0	0	0	0	0	0	0	0	0	0	0	0	0	0	0	0	0	0	0	0	0	0	0	0	0	0	0	0	0	0	0	0	0	0	0	0	0	0	0	0	0	0	0	0	0	0	0	0	0	0	0	0	0	0	0	0	0	0	0	0	0	0	0	0	0	0	0	0	0	0	0	0	0	0	0	0	0	0	0	0	0	0	0	0	0	0	0	0	0	0	0	0	0	0	0	0	0	0	0	0	0	0	0	0	0	0	0	0	0	0	0	0	0	0	0	0	0	0	0	0	0	0	0	0	0	0	0	0	0	0	0	0	0	0	0	0	0	0	0	0	0	0	0	0	0	0	0	0	0	0	0	0	0	0	0	0	0	0	0	0	0	0	0	0	0	0	0	0	0	0	0	0	0	0	0	0	0	0	0	0	0	0	0	0	0	0	0	0	0	0	0	0	0	0	0	0	0	0	0	0	0	0	0	0	0	0	0	0	0	0	0	0	0	0	0	0	0	0	0	0	0	0	0	0	0	0	0	0	0
nitrite_ammonification	0	0	0	0	0	0	0	0	0	0	0	0	0	0	0	0	0	0	0	0	0	0	0	0	0	0	0	0	0	0	0	0	0	0	0	0	0	0	0	0	0	0	0	0	0	0	0	0	0	0	0	0	0	0	0	0	0	0	0	0	0	0	0	0	0	0	0	0	0	0	0	0	0	0	0	0	0	0	0	0	0	0	0	0	0	0	0	0	0	0	0	0	0	0	0	0	0	0	0	0	0	0	0	0	0	0	0	0	0	0	0	0	0	0	0	0	0	0	0	0	0	0	0	0	0	0	0	0	0	0	0	0	0	0	0	0	0	0	0	0	0	0	0	0	0	0	0	0	0	0	0	0	0	0	0	0	0	0	0	0	0	0	0	0	0	0	0	0	0	0	0	0	0	0	0	0	0	0	0	0	0	0	0	0	0	0	0	0	0	0	0	0	0	0	0	0	0	0	0	0	0	0	0	0	0	0	0	0	0	0	0	0	0	0	0	0	0	0	0	0	0	0	0	0	0	0	0	0	0	0	0	0	0	0	0	0	0	0	0	0	0	0	0	0	0	0	0	0	0	0	0	0	0	0	0	0	0	0	0	0	0	0	0	0	0	0	0	0	0	0	0	0	0	0	0	0	0	0	0	0	0	0	0	0	0	0	0	0	0	0	0	0	0	0	0	0	0	0	0	0	0	0	0	0	0	0	0	0	0	0	0	0	0	0	0	0	0	0	0	0	0	0	0	0	0	0	0	0	0	0	0	0	0	0	0	0	0	0	0	0	0	0	0	0	0	0	0	0	0	0	0	0	0	0	0	0	0	0	0	0	0	0	0	0	0	0	0	0
nitrite_respiration	24	27	20	26	47	41	37	63	42	55	41	52	24	51	26	32	21	20	46	50	45	53	12	32	49	47	66	27	45	23	29	34	29	30	18	58	47	21	37	49	32	24	38	15	34	25	26	46	59	55	37	62	43	32	48	48	63	25	18	28	48	23	67	39	39	30	40	35	43	33	40	48	30	51	19	49	39	38	40	35	40	62	47	36	37	54	39	36	51	24	41	35	58	40	37	36	56	54	45	58	32	47	47	34	30	38	35	39	30	17	49	43	39	57	40	40	39	31	26	28	32	24	47	30	36	42	23	39	34	56	38	22	29	27	54	36	45	62	27	41	53	28	49	64	52	34	23	30	40	37	46	55	31	22	34	23	52	36	41	36	40	40	49	52	52	21	32	35	55	26	22	33	34	40	31	41	33	46	30	48	33	46	50	51	21	40	38	36	41	34	46	30	26	42	63	37	49	39	35	54	33	32	42	38	49	46	39	42	36	45	60	48	39	29	37	32	43	34	29	36	65	29	33	46	22	45	66	29	47	35	42	23	42	35	31	34	24	41	47	28	41	43	31	38	38	48	40	34	40	43	40	39	41	49	39	30	59	38	52	31	63	28	41	25	34	42	34	53	52	44	52	37	45	32	47	33	22	22	32	44	50	30	24	44	26	42	51	26	30	35	34	37	43	34	24	52	46	36	33	47	20	31	55	21	30	39	50	41	24	52	37	30	41	19	29	48	46	40	33	30	35	35	42	47	53	30	45	54	30	37	21	46	50	46	47	41	47	34	30	37	40	48	47	36	46	40	50	45	38	54	32	68	39	30	41	32	41	23	46	28	50	42	27	51	43	30	40	52
cellulolysis	3	4	1	3	3	5	2	1	5	4	1	1	3	9	1	2	5	1	1	2	4	4	1	5	9	6	4	2	2	9	5	1	2	7	4	2	1	2	2	7	1	6	5	5	1	10	1	0	3	4	3	3	2	0	2	3	1	0	3	2	3	1	1	3	2	5	1	0	3	8	2	1	0	6	2	0	2	3	1	3	3	2	6	3	8	1	2	3	6	4	4	4	4	2	7	4	4	3	3	2	7	1	1	4	5	2	3	5	3	3	3	2	2	3	1	2	3	8	4	5	2	2	4	5	2	3	1	1	2	1	0	1	5	4	4	7	1	4	2	2	2	6	3	5	4	1	3	3	3	3	2	3	0	1	1	5	4	2	3	3	5	4	2	2	3	0	2	1	1	7	5	2	2	4	8	6	6	3	1	4	2	6	1	7	2	3	1	1	3	5	0	4	3	2	4	1	1	1	3	6	1	7	3	2	0	0	2	2	5	3	1	3	3	3	1	2	1	2	6	0	1	2	0	6	2	2	2	2	2	8	6	4	5	4	3	1	3	2	4	1	6	5	2	3	4	4	2	4	0	2	4	2	5	3	3	1	3	4	4	2	4	2	2	2	0	6	5	2	1	2	2	2	0	7	2	2	7	4	4	1	4	3	4	4	4	2	3	1	4	1	1	2	7	2	5	4	0	1	2	1	0	4	4	6	2	7	3	3	4	1	6	4	1	2	0	4	6	1	5	2	2	5	2	4	3	1	1	4	1	3	2	1	3	7	6	3	3	6	2	7	2	3	5	1	1	2	2	2	1	1	3	0	3	3	4	1	1	5	3	0	7	3	4	0	3	6	4	0
xylanolysis	6	7	7	12	3	22	8	1	2	4	5	25	2	60	0	10	7	5	5	7	3	21	7	20	10	15	23	3	28	2	0	2	11	7	3	5	5	13	6	12	3	0	10	3	13	9	8	13	3	8	9	2	16	18	6	10	9	6	9	8	4	0	9	16	1	5	19	10	2	8	10	18	12	6	7	12	9	7	29	29	20	10	12	15	3	5	12	7	9	2	26	17	7	2	28	8	5	9	21	10	0	4	3	3	4	6	12	32	25	1	25	12	11	26	9	33	19	15	12	18	27	18	8	31	5	7	9	26	4	21	6	9	11	6	7	10	11	11	20	13	7	5	10	14	28	22	5	5	6	7	3	4	18	9	8	4	16	4	1	4	6	1	5	5	21	8	5	21	15	25	13	5	14	10	9	8	1	7	3	12	6	6	7	7	0	11	7	3	24	3	11	10	9	4	6	14	8	4	5	25	7	6	19	7	9	3	9	10	34	6	12	6	3	0	4	8	23	23	9	2	4	9	17	4	7	18	2	2	13	5	16	2	6	11	3	24	3	6	5	4	9	8	2	3	15	12	5	16	10	22	8	1	25	12	31	7	20	20	2	7	5	15	20	8	10	2	18	9	1	6	7	22	24	1	22	7	13	5	2	4	11	3	7	13	10	22	15	4	4	3	8	5	8	8	10	6	28	15	13	6	21	5	5	7	26	4	7	9	12	8	2	9	35	3	8	3	7	6	1	2	4	11	4	8	10	26	5	9	4	32	15	31	4	4	26	16	7	6	4	5	9	11	7	19	28	27	14	13	5	7	3	9	18	6	5	14	3	24	7	2	13	6	7	17	26	7	18	23
dark_sulfide_oxidation	0	0	0	0	0	0	0	0	0	0	0	0	0	0	0	0	0	0	0	0	0	0	0	0	0	0	0	0	0	0	0	0	0	0	0	0	0	0	0	0	0	0	0	0	0	0	0	0	0	0	0	0	0	0	0	0	0	0	0	0	0	0	0	0	0	0	0	0	0	0	0	0	0	0	0	0	0	0	0	0	0	0	0	0	0	0	0	0	0	0	0	0	0	0	0	0	0	0	0	0	0	0	0	0	0	0	0	0	0	0	0	0	0	0	0	0	0	0	0	0	0	0	0	0	0	0	0	0	0	0	0	0	0	0	0	0	0	0	0	0	0	0	0	0	0	0	0	0	0	0	0	0	0	0	0	0	0	0	0	0	0	0	0	0	0	0	0	0	0	0	0	0	0	0	0	0	0	0	0	0	0	0	0	0	0	0	0	0	0	0	0	0	0	0	0	0	0	0	0	0	0	0	0	0	0	0	0	0	0	0	0	0	0	0	0	0	0	0	0	0	0	0	0	0	0	0	0	0	0	0	0	0	0	0	0	0	0	0	0	0	0	0	0	0	0	0	0	0	0	0	0	0	0	0	0	0	0	0	0	0	0	0	0	0	0	0	0	0	0	0	0	0	0	0	0	0	0	0	0	0	0	0	0	0	0	0	0	0	0	0	0	0	0	0	0	0	0	0	0	0	0	0	0	0	0	0	0	0	0	0	0	0	0	0	0	0	0	0	0	0	0	0	0	0	0	0	0	0	0	0	0	0	0	0	0	0	0	0	0	0	0	0	0	0	0	0	0	0	0	0	0	0	0	0	0	0	0	0	0	0	0	0	0	0	0	0	0	0
dark_sulfur_oxidation	0	0	0	0	0	0	0	0	0	0	0	0	0	0	0	0	0	0	0	0	0	0	0	0	0	0	0	0	0	0	0	0	0	0	0	0	0	0	0	0	0	0	0	0	0	0	0	0	0	0	0	0	0	0	0	0	0	0	0	0	0	0	0	0	0	0	0	0	0	0	0	0	0	0	0	0	0	0	0	0	0	0	0	0	0	0	0	0	0	0	0	0	0	0	0	0	0	0	0	0	0	0	0	0	0	0	0	0	0	0	0	0	0	0	0	0	0	0	0	0	0	0	0	0	0	0	0	0	0	0	0	0	0	0	0	0	0	0	0	0	0	0	0	0	0	0	0	0	0	0	0	0	0	0	0	0	0	0	0	0	0	0	0	0	0	0	0	0	0	0	0	0	0	0	0	0	0	0	0	0	0	0	0	0	0	0	0	0	0	0	0	0	0	0	0	0	0	0	0	0	0	0	0	0	0	0	0	0	0	0	0	0	0	0	0	0	0	0	0	0	0	0	0	0	0	0	0	0	0	0	0	0	0	0	0	0	0	0	0	0	0	0	0	0	0	0	0	0	0	0	0	0	0	0	0	0	0	0	0	0	0	0	0	0	0	0	0	0	0	0	0	0	0	0	0	0	0	0	0	0	0	0	0	0	0	0	0	0	0	0	0	0	0	0	0	0	0	0	0	0	0	0	0	0	0	0	0	0	0	0	0	0	0	0	0	0	0	0	0	0	0	0	0	0	0	0	0	0	0	0	0	0	0	0	0	0	0	0	0	0	0	0	0	0	0	0	0	0	0	0	0	0	0	0	0	0	0	0	0	0	0	0	0	0	0	0	0	0
dark_thiosulfate_oxidation	0	0	0	0	0	0	0	0	0	0	0	0	0	0	0	0	0	0	0	0	0	0	0	0	0	0	0	0	0	0	0	0	0	0	0	0	0	0	0	0	0	0	0	0	0	0	0	0	0	0	0	0	0	0	0	0	0	0	0	0	0	0	0	0	0	0	0	0	0	0	0	0	0	0	0	0	0	0	0	0	0	0	0	0	0	0	0	0	0	0	0	0	0	0	0	0	0	0	0	0	0	0	0	0	0	0	0	0	0	0	0	0	0	0	0	0	0	0	0	0	0	0	0	0	0	0	0	0	0	0	0	0	0	0	0	0	0	0	0	0	0	0	0	0	0	0	0	0	0	0	0	0	0	0	0	0	0	0	0	0	0	0	0	0	0	0	0	0	0	0	0	0	0	0	0	0	0	0	0	0	0	0	0	0	0	0	0	0	0	0	0	0	0	0	0	0	0	0	0	0	0	0	0	0	0	0	0	0	0	0	0	0	0	0	0	0	0	0	0	0	0	0	0	0	0	0	0	0	0	0	0	0	0	0	0	0	0	0	0	0	0	0	0	0	0	0	0	0	0	0	0	0	0	0	0	0	0	0	0	0	0	0	0	0	0	0	0	0	0	0	0	0	0	0	0	0	0	0	0	0	0	0	0	0	0	0	0	0	0	0	0	0	0	0	0	0	0	0	0	0	0	0	0	0	0	0	0	0	0	0	0	0	0	0	0	0	0	0	0	0	0	0	0	0	0	0	0	0	0	0	0	0	0	0	0	0	0	0	0	0	0	0	0	0	0	0	0	0	0	0	0	0	0	0	0	0	0	0	0	0	0	0	0	0	0	0	0	0
dark_oxidation_of_sulfur_compounds	1	1	1	2	0	0	2	0	1	0	2	3	2	4	0	1	1	3	1	0	0	3	4	5	2	0	2	1	2	0	0	0	0	1	1	1	2	0	0	4	3	0	1	2	2	0	2	2	0	0	0	0	3	3	2	2	3	2	0	0	1	2	0	2	0	1	0	0	1	0	1	4	0	4	1	1	1	1	6	0	1	0	0	2	1	0	0	0	0	0	1	0	0	0	1	1	0	0	1	0	0	2	0	1	1	1	2	0	2	0	1	0	0	0	2	4	0	3	1	2	0	1	0	4	0	0	0	5	1	1	0	0	0	1	1	0	1	1	1	0	1	0	1	3	3	3	1	2	0	3	0	0	4	2	1	0	1	1	2	0	0	0	0	1	1	3	1	1	3	1	0	1	0	0	1	1	0	0	0	1	0	1	5	0	0	2	2	0	3	1	0	1	2	0	0	0	0	3	2	1	0	1	2	2	0	0	0	4	6	0	0	0	1	0	0	0	0	0	0	0	1	1	1	0	1	0	1	1	2	1	0	1	0	0	2	1	0	3	1	0	0	1	1	1	1	0	0	7	0	1	0	0	1	0	0	0	2	2	0	3	0	4	1	1	1	0	1	1	0	4	0	3	1	0	0	0	1	0	0	0	0	0	0	1	0	3	2	0	0	0	1	1	0	2	1	1	0	0	1	0	0	0	0	1	0	0	0	0	2	1	1	0	1	0	2	0	4	0	0	2	1	1	0	1	0	0	1	0	0	3	2	2	3	0	2	1	2	0	0	0	2	1	1	3	1	0	0	0	0	1	3	2	1	0	0	2	0	0	0	3	2	0	1	1	1	1	3	1
manganese_oxidation	0	2	0	2	1	2	2	0	1	1	3	3	0	4	0	6	2	3	0	1	0	5	5	2	3	2	0	1	2	1	3	5	5	3	0	3	2	5	3	7	1	2	8	0	1	6	0	3	4	1	4	2	2	2	2	3	2	0	2	0	1	1	3	3	0	1	5	2	5	2	0	4	1	5	0	2	5	4	3	0	2	7	3	0	1	5	4	4	2	2	2	2	2	3	2	1	1	7	4	1	1	0	4	2	3	3	1	2	1	1	3	6	3	2	3	4	2	2	2	0	6	2	5	2	2	4	0	4	0	5	0	0	4	3	3	0	1	2	0	2	2	4	2	3	1	3	1	2	4	4	0	4	0	1	2	1	1	1	5	5	3	2	5	3	4	0	1	8	2	2	3	5	2	1	3	3	0	1	1	3	1	2	7	2	0	0	1	2	1	3	4	8	0	3	2	1	3	2	5	2	2	2	3	3	4	3	1	3	2	1	2	2	0	2	1	1	0	4	1	2	3	4	1	3	0	4	7	4	3	3	2	5	2	4	3	0	4	3	2	3	0	6	3	5	4	6	1	0	7	8	1	3	3	4	1	2	4	1	2	1	1	1	1	2	0	0	3	0	7	2	3	4	0	0	4	2	2	0	0	2	9	3	2	3	0	0	6	2	3	1	2	2	4	1	3	3	3	5	1	0	1	6	2	3	2	1	4	1	6	1	4	6	1	1	2	3	6	5	1	6	2	1	6	0	2	5	0	2	6	1	2	1	4	4	4	3	4	0	3	1	2	9	4	1	2	2	4	5	5	3	2	6	7	2	3	2	3	3	1	3	1	2	3	1	4	4	2	2
manganese_respiration	0	0	0	0	0	0	0	0	0	0	0	0	0	0	0	0	0	0	0	0	0	0	0	0	0	0	0	0	0	0	0	0	0	0	0	0	0	0	0	0	0	0	0	0	0	0	0	0	0	0	0	0	0	0	0	0	0	0	0	0	0	0	0	0	0	0	0	0	0	0	0	0	0	0	0	0	0	0	0	0	0	0	0	0	0	0	0	0	0	0	0	0	0	0	0	0	0	0	0	0	0	0	0	0	0	0	0	0	0	0	0	0	0	0	0	0	0	0	0	0	0	0	0	0	0	0	0	0	0	0	0	0	0	0	0	0	0	0	0	0	0	0	0	0	0	0	0	0	0	0	0	0	0	0	0	0	0	0	0	0	0	0	0	0	0	0	0	0	0	0	0	0	0	0	0	0	0	0	0	0	0	0	0	0	0	0	0	0	0	0	0	0	0	0	0	0	0	0	0	0	0	0	0	0	0	0	0	0	0	0	0	0	0	0	0	0	0	0	0	0	0	0	0	0	0	0	0	0	0	0	0	0	0	0	0	0	0	0	0	0	0	0	0	0	0	0	0	0	0	0	0	0	0	0	0	0	0	0	0	0	0	0	0	0	0	0	0	0	0	0	0	0	0	0	0	0	0	0	0	0	0	0	0	0	0	0	0	0	0	0	0	0	0	0	0	0	0	0	0	0	0	0	0	0	0	0	0	0	0	0	0	0	0	0	0	0	0	0	0	0	0	0	0	0	0	0	0	0	0	0	0	0	0	0	0	0	0	0	0	0	0	0	0	0	0	0	0	0	0	0	0	0	0	0	0	0	0	0	0	0	0	0	0	0	0	0	0	0
ligninolysis	0	0	0	0	0	0	0	0	0	0	0	0	0	0	0	0	0	0	0	0	0	0	0	0	0	0	0	0	0	0	0	0	0	0	0	0	0	0	0	0	0	0	0	0	0	0	0	0	0	0	0	0	0	0	0	0	0	0	0	0	0	0	0	0	0	0	0	0	0	0	0	0	0	0	0	0	0	0	0	0	0	0	0	0	0	0	0	0	0	0	0	0	0	0	0	0	0	0	0	0	0	0	0	0	0	0	0	0	0	0	0	0	0	0	0	0	0	0	0	0	0	0	0	0	0	0	0	0	0	0	0	0	0	0	0	0	0	0	0	0	0	0	0	0	0	0	0	0	0	0	0	0	0	0	0	0	0	0	0	0	0	0	0	0	0	0	0	0	0	0	0	0	0	0	0	0	0	0	0	0	0	0	0	0	0	0	0	0	0	0	0	0	0	0	0	0	0	0	0	0	0	0	0	0	0	0	0	0	0	0	0	0	0	0	0	0	0	0	0	0	0	0	0	0	0	0	0	0	0	0	0	0	0	0	0	0	0	0	0	0	0	0	0	0	0	0	0	0	0	0	0	0	0	0	0	0	0	0	0	0	0	0	0	0	0	0	0	0	0	0	0	0	0	0	0	0	0	0	0	0	0	0	0	0	0	0	0	0	0	0	0	0	0	0	0	0	0	0	0	0	0	0	0	0	0	0	0	0	0	0	0	0	0	0	0	0	0	0	0	0	0	0	0	0	0	0	0	0	0	0	0	0	0	0	0	0	0	0	0	0	0	0	0	0	0	0	0	0	0	0	0	0	0	0	0	0	0	0	0	0	0	0	0	0	0	0	0	0
fermentation	22	12	49	27	20	74	37	37	16	30	33	64	5	56	35	43	37	24	33	22	26	58	50	81	34	77	72	31	72	17	25	32	52	15	22	38	37	41	32	44	22	24	31	69	59	26	45	32	25	26	51	27	45	62	30	36	68	26	24	39	46	19	48	63	35	23	46	42	39	23	38	44	42	37	38	46	29	35	82	74	89	36	27	60	24	36	52	46	29	28	63	65	40	19	79	56	30	41	42	55	22	49	26	27	31	30	38	78	100	33	72	59	46	84	44	90	101	61	79	84	28	65	52	64	30	48	65	87	29	82	29	35	37	20	25	48	44	42	65	48	35	28	51	45	76	67	21	63	38	51	38	39	50	51	44	21	81	30	31	16	39	22	23	52	39	51	40	74	47	83	63	48	40	35	38	41	25	28	30	25	18	34	38	30	27	55	50	43	80	35	59	81	48	27	33	75	27	42	40	80	26	24	87	29	45	20	22	62	77	44	62	18	11	40	31	49	43	40	64	35	24	31	54	33	43	51	27	35	67	37	62	30	39	31	20	72	26	22	33	29	45	44	55	32	85	30	45	132	49	93	25	33	70	50	41	37	51	79	29	31	41	56	70	52	52	38	56	37	40	45	21	60	65	13	69	33	61	36	23	31	39	35	24	33	61	58	77	27	30	28	30	58	32	48	44	33	96	38	47	37	43	17	30	26	74	21	36	51	36	44	19	15	93	23	58	18	52	28	16	59	31	52	38	43	53	58	23	30	29	68	75	89	50	25	72	71	44	22	56	25	28	54	43	70	85	67	49	50	75	49	22	52	34	21	32	50	39	56	56	40	49	29	21	63	88	31	70	65
aerobic_chemoheterotrophy	977	784	729	860	718	929	793	841	862	818	821	951	772	1004	804	1089	840	779	861	704	732	838	687	1143	888	876	954	746	957	792	712	757	699	1329	717	837	828	946	833	1004	883	676	896	714	813	1035	791	810	765	840	848	927	897	730	831	979	909	834	810	680	745	671	971	891	763	774	921	1007	1036	704	984	953	688	999	678	1021	771	998	1109	875	989	933	939	844	745	829	934	853	924	839	1046	797	893	918	917	1036	952	877	1046	1007	779	899	844	833	983	806	847	953	1057	896	971	962	810	869	940	1083	1120	1057	817	893	859	821	805	1039	739	969	916	988	827	946	637	726	756	757	893	900	957	883	790	871	815	900	857	952	979	921	695	761	884	801	755	966	816	770	775	712	854	965	931	727	825	715	900	770	806	762	782	1067	964	1007	991	934	824	762	780	932	637	716	739	901	842	931	946	860	607	758	816	864	972	814	891	880	853	737	883	791	908	849	717	955	832	901	930	1017	979	855	686	957	953	854	1022	862	692	662	788	832	808	1029	871	811	810	775	872	932	792	1074	818	966	1049	694	727	1026	839	916	815	831	586	1008	969	718	932	914	876	1016	944	764	793	1159	988	1043	811	864	943	986	1010	842	1069	877	753	757	968	810	949	679	716	930	899	971	882	980	918	931	906	734	1026	894	806	549	820	788	884	768	837	774	672	928	915	849	673	760	873	824	767	851	828	908	1048	978	695	811	529	753	909	760	847	727	887	934	761	962	979	788	1013	742	920	842	1260	819	670	1106	774	888	1036	809	908	1023	851	805	807	950	1027	888	951	802	1091	764	960	691	809	763	831	815	997	946	953	909	1015	891	842	818	779	1088	931	853	803	812	870	724	871	922	1019	808	683	929	1091	826	987	907
invertebrate_parasites	0	0	0	0	0	0	0	0	0	0	0	0	0	0	0	0	0	0	0	0	0	0	0	0	0	0	0	0	0	0	0	0	0	0	0	0	0	0	0	0	0	0	0	0	0	0	0	0	0	0	0	0	0	0	0	0	0	0	0	0	0	0	0	0	0	0	0	0	0	0	0	0	0	0	0	0	0	0	0	0	0	0	0	0	0	0	0	0	0	0	0	0	0	0	0	0	0	0	0	0	0	0	0	0	0	0	0	0	0	0	0	0	0	0	0	0	0	0	0	0	0	0	0	0	0	0	0	0	0	0	0	0	0	0	0	0	0	0	0	0	0	0	0	0	0	0	0	0	0	0	0	0	0	0	0	0	0	0	0	0	0	0	0	0	0	0	0	0	0	0	0	0	0	0	0	0	0	0	0	0	0	0	0	0	0	0	0	0	0	0	0	0	0	0	0	0	0	0	0	0	0	0	0	0	0	0	0	0	0	0	0	0	0	0	0	0	0	0	0	0	0	0	0	0	0	0	0	0	0	0	0	0	0	0	0	0	0	0	0	0	0	0	0	0	0	0	0	0	0	0	0	0	0	0	0	0	0	0	0	0	0	0	0	0	0	0	0	0	0	0	0	0	0	0	0	0	0	0	0	0	0	0	0	0	0	0	0	0	0	0	0	0	0	0	0	0	0	0	0	0	0	0	0	0	0	0	0	0	0	0	0	0	0	0	0	0	0	0	0	0	0	0	0	0	0	0	0	0	0	0	0	0	0	0	0	0	0	0	0	0	0	0	0	0	0	0	0	0	0	0	0	0	0	0	0	0	0	0	0	0	0	0	0	0	0	0	0	0
human_pathogens_septicemia	0	0	0	0	0	0	0	0	0	0	0	0	0	0	0	0	0	0	0	0	0	0	0	0	0	0	0	0	0	0	0	0	0	0	0	0	0	0	0	0	0	0	0	0	0	0	0	0	0	0	0	0	0	0	0	0	0	0	0	0	0	0	0	0	0	0	0	0	0	0	0	0	0	0	0	0	0	0	0	0	0	0	0	0	0	0	0	0	0	0	0	0	0	0	0	0	0	0	0	0	0	0	0	0	0	0	0	0	0	0	0	0	0	0	0	0	0	0	0	0	0	0	0	0	0	0	0	0	0	0	0	0	0	0	0	0	0	0	0	0	0	0	0	0	0	0	0	0	0	0	0	0	0	0	0	0	0	0	0	0	0	0	0	0	0	0	0	0	0	0	0	0	0	0	0	0	0	0	0	0	0	0	0	0	0	0	0	0	0	0	0	0	0	0	0	0	0	0	0	0	0	0	0	0	0	0	0	0	0	0	0	0	0	0	0	0	0	0	0	0	0	0	0	0	0	0	0	0	0	0	0	0	0	0	0	0	0	0	0	0	0	0	0	0	0	0	0	0	0	0	0	0	0	0	0	0	0	0	0	0	0	0	0	0	0	0	0	0	0	0	0	0	0	0	0	0	0	0	0	0	0	0	0	0	0	0	0	0	0	0	0	0	0	0	0	0	0	0	0	0	0	0	0	0	0	0	0	0	0	0	0	0	0	0	0	0	0	0	0	0	0	0	0	0	0	0	0	0	0	0	0	0	0	0	0	0	0	0	0	0	0	0	0	0	0	0	0	0	0	0	0	0	0	0	0	0	0	0	0	0	0	0	0	0	0	0	0	0
human_pathogens_pneumonia	0	0	0	0	0	0	0	0	0	0	0	0	0	0	0	0	0	0	0	0	0	0	0	0	0	0	0	0	0	0	0	0	0	0	0	0	0	0	0	0	0	0	0	0	0	0	0	0	0	0	0	0	0	0	0	0	0	0	0	0	0	0	0	0	0	0	0	0	0	0	0	0	0	0	0	0	0	0	0	0	0	0	0	0	0	0	0	0	0	0	0	0	0	0	0	0	0	0	0	0	0	0	0	0	0	0	0	0	0	0	0	0	0	0	0	0	0	0	0	0	0	0	0	0	0	0	0	0	0	0	0	0	0	0	0	0	0	0	0	0	0	0	0	0	0	0	0	0	0	0	0	0	0	0	0	0	0	0	0	0	0	0	0	0	0	0	0	0	0	0	0	0	0	0	0	0	0	0	0	0	0	0	0	0	0	0	0	0	0	0	0	0	0	0	0	0	0	0	0	0	0	0	0	0	0	0	0	0	0	0	0	0	0	0	0	0	0	0	0	0	0	0	0	0	0	0	0	0	0	0	0	0	0	0	0	0	0	0	0	0	0	0	0	0	0	0	0	0	0	0	0	0	0	0	0	0	0	0	0	0	0	0	0	0	0	0	0	0	0	0	0	0	0	0	0	0	0	0	0	0	0	0	0	0	0	0	0	0	0	0	0	0	0	0	0	0	0	0	0	0	0	0	0	0	0	0	0	0	0	0	0	0	0	0	0	0	0	0	0	0	0	0	0	0	0	0	0	0	0	0	0	0	0	0	0	0	0	0	0	0	0	0	0	0	0	0	0	0	0	0	0	0	0	0	0	0	0	0	0	0	0	0	0	0	0	0	0	0
human_pathogens_nosocomia	0	0	0	0	0	0	0	0	0	0	0	0	0	0	0	0	0	0	0	0	0	0	0	0	0	0	0	0	0	0	0	0	0	0	0	0	0	0	0	0	0	0	0	0	0	0	0	0	0	0	0	0	0	0	0	0	0	0	0	0	0	0	0	0	0	0	0	0	0	0	0	0	0	0	0	0	0	0	0	0	0	0	0	0	0	0	0	0	0	0	0	0	0	0	0	0	0	0	0	0	0	0	0	0	0	0	0	0	0	0	0	0	0	0	0	0	0	0	0	0	0	0	0	0	0	0	0	0	0	0	0	0	0	0	0	0	0	0	0	0	0	0	0	0	0	0	0	0	0	0	0	0	0	0	0	0	0	0	0	0	0	0	0	0	0	0	0	0	0	0	0	0	0	0	0	0	0	0	0	0	0	0	0	0	0	0	0	0	0	0	0	0	0	0	0	0	0	0	0	0	0	0	0	0	0	0	0	0	0	0	0	0	0	0	0	0	0	0	0	0	0	0	0	0	0	0	0	0	0	0	0	0	0	0	0	0	0	0	0	0	0	0	0	0	0	0	0	0	0	0	0	0	0	0	0	0	0	0	0	0	0	0	0	0	0	0	0	0	0	0	0	0	0	0	0	0	0	0	0	0	0	0	0	0	0	0	0	0	0	0	0	0	0	0	0	0	0	0	0	0	0	0	0	0	0	0	0	0	0	0	0	0	0	0	0	0	0	0	0	0	0	0	0	0	0	0	0	0	0	0	0	0	0	0	0	0	0	0	0	0	0	0	0	0	0	0	0	0	0	0	0	0	0	0	0	0	0	0	0	0	0	0	0	0	0	0	0	0
human_pathogens_meningitis	0	0	0	0	0	0	0	0	0	0	0	0	0	0	0	0	0	0	0	0	0	0	0	0	0	0	0	0	0	0	0	0	0	0	0	0	0	0	0	0	0	0	0	0	0	0	0	0	0	0	0	0	0	0	0	0	0	0	0	0	0	0	0	0	0	0	0	0	0	0	0	0	0	0	0	0	0	0	0	0	0	0	0	0	0	0	0	0	0	0	0	0	0	0	0	0	0	0	0	0	0	0	0	0	0	0	0	0	0	0	0	0	0	0	0	0	0	0	0	0	0	0	0	0	0	0	0	0	0	0	0	0	0	0	0	0	0	0	0	0	0	0	0	0	0	0	0	0	0	0	0	0	0	0	0	0	0	0	0	0	0	0	0	0	0	0	0	0	0	0	0	0	0	0	0	0	0	0	0	0	0	0	0	0	0	0	0	0	0	0	0	0	0	0	0	0	0	0	0	0	0	0	0	0	0	0	0	0	0	0	0	0	0	0	0	0	0	0	0	0	0	0	0	0	0	0	0	0	0	0	0	0	0	0	0	0	0	0	0	0	0	0	0	0	0	0	0	0	0	0	0	0	0	0	0	0	0	0	0	0	0	0	0	0	0	0	0	0	0	0	0	0	0	0	0	0	0	0	0	0	0	0	0	0	0	0	0	0	0	0	0	0	0	0	0	0	0	0	0	0	0	0	0	0	0	0	0	0	0	0	0	0	0	0	0	0	0	0	0	0	0	0	0	0	0	0	0	0	0	0	0	0	0	0	0	0	0	0	0	0	0	0	0	0	0	0	0	0	0	0	0	0	0	0	0	0	0	0	0	0	0	0	0	0	0	0	0	0
human_pathogens_gastroenteritis	0	0	0	0	0	0	0	0	0	0	0	0	0	0	0	0	0	0	0	0	0	0	0	0	0	0	0	0	0	0	0	0	0	0	0	0	0	0	0	0	0	0	0	0	0	0	0	0	0	0	0	0	0	0	0	0	0	0	0	0	0	0	0	0	0	0	0	0	0	0	0	0	0	0	0	0	0	0	0	0	0	0	0	0	0	0	0	0	0	0	0	0	0	0	0	0	0	0	0	0	0	0	0	0	0	0	0	0	0	0	0	0	0	0	0	0	0	0	0	0	0	0	0	0	0	0	0	0	0	0	0	0	0	0	0	0	0	0	0	0	0	0	0	0	0	0	0	0	0	0	0	0	0	0	0	0	0	0	0	0	0	0	0	0	0	0	0	0	0	0	0	0	0	0	0	0	0	0	0	0	0	0	0	0	0	0	0	0	0	0	0	0	0	0	0	0	0	0	0	0	0	0	0	0	0	0	0	0	0	0	0	0	0	0	0	0	0	0	0	0	0	0	0	0	0	0	0	0	0	0	0	0	0	0	0	0	0	0	0	0	0	0	0	0	0	0	0	0	0	0	0	0	0	0	0	0	0	0	0	0	0	0	0	0	0	0	0	0	0	0	0	0	0	0	0	0	0	0	0	0	0	0	0	0	0	0	0	0	0	0	0	0	0	0	0	0	0	0	0	0	0	0	0	0	0	0	0	0	0	0	0	0	0	0	0	0	0	0	0	0	0	0	0	0	0	0	0	0	0	0	0	0	0	0	0	0	0	0	0	0	0	0	0	0	0	0	0	0	0	0	0	0	0	0	0	0	0	0	0	0	0	0	0	0	0	0	0	0
human_pathogens_diarrhea	0	0	0	0	0	0	0	0	0	0	0	0	0	0	0	0	0	0	0	0	0	0	0	0	0	0	0	0	0	0	0	0	0	0	0	0	0	0	0	0	0	0	0	0	0	0	0	0	0	0	0	0	0	0	0	0	0	0	0	0	0	0	0	0	0	0	0	0	0	0	0	0	0	0	0	0	0	0	0	0	0	0	0	0	0	0	0	0	0	0	0	0	0	0	0	0	0	0	0	0	0	0	0	0	0	0	0	0	0	0	0	0	0	0	0	0	0	0	0	0	0	0	0	0	0	0	0	0	0	0	0	0	0	0	0	0	0	0	0	0	0	0	0	0	0	0	0	0	0	0	0	0	0	0	0	0	0	0	0	0	0	0	0	0	0	0	0	0	0	0	0	0	0	0	0	0	0	0	0	0	0	0	0	0	0	0	0	0	0	0	0	0	0	0	0	0	0	0	0	0	0	0	0	0	0	0	0	0	0	0	0	0	0	0	0	0	0	0	0	0	0	0	0	0	0	0	0	0	0	0	0	0	0	0	0	0	0	0	0	0	0	0	0	0	0	0	0	0	0	0	0	0	0	0	0	0	0	0	0	0	0	0	0	0	0	0	0	0	0	0	0	0	0	0	0	0	0	0	0	0	0	0	0	0	0	0	0	0	0	0	0	0	0	0	0	0	0	0	0	0	0	0	0	0	0	0	0	0	0	0	0	0	0	0	0	0	0	0	0	0	0	0	0	0	0	0	0	0	0	0	0	0	0	0	0	0	0	0	0	0	0	0	0	0	0	0	0	0	0	0	0	0	0	0	0	0	0	0	0	0	0	0	0	0	0	0	0	0
human_pathogens_all	4	3	1	1	1	1	4	7	1	1	4	1	1	0	5	5	1	5	1	1	2	4	4	1	1	1	0	1	6	1	0	2	1	4	0	1	0	24	3	1	7	1	0	0	0	5	0	0	3	2	3	3	2	0	3	3	1	15	2	1	5	0	3	4	2	1	3	2	9	4	5	7	0	2	2	2	3	0	3	1	1	5	3	3	2	3	5	3	8	3	2	1	6	9	1	3	2	2	7	3	1	0	1	2	5	3	0	4	8	8	1	2	4	0	4	2	1	4	1	4	5	1	4	2	2	1	1	0	4	1	1	0	3	2	3	0	1	4	3	1	1	1	1	1	4	0	2	2	6	1	3	2	3	1	0	2	2	3	4	7	4	1	1	0	1	1	2	1	1	0	3	1	2	3	5	6	1	0	3	4	3	3	5	4	2	1	5	2	5	1	5	1	2	4	2	2	2	2	3	4	5	2	0	0	4	2	3	2	4	1	1	6	5	0	2	0	3	7	2	2	0	2	2	11	1	6	3	2	9	3	1	3	3	2	1	0	1	8	3	0	3	2	4	9	3	4	2	6	3	0	0	2	1	8	3	0	1	1	2	1	2	0	0	1	5	5	1	2	0	4	4	2	0	1	8	1	2	0	2	3	5	2	1	0	0	3	1	4	1	2	1	0	3	2	2	6	1	3	0	3	0	1	3	4	1	1	3	4	6	2	5	3	1	2	1	3	114	4	0	4	2	0	1	3	1	4	2	3	2	1	1	0	1	3	3	2	3	1	0	3	4	1	10	2	3	0	2	4	0	3	1	1	5	2	2	1	5	1	1	6	3	4	2	4	1	1	0	6
fish_parasites	0	0	0	0	0	0	0	0	0	0	0	0	0	0	0	0	0	0	0	0	0	0	0	0	0	0	0	0	0	0	0	0	0	0	0	0	0	0	0	0	0	0	0	0	0	0	0	0	0	0	0	0	0	0	0	0	0	0	0	0	0	0	0	0	0	0	0	0	0	0	0	0	0	0	0	0	0	0	0	0	0	0	0	0	0	0	0	0	0	0	0	0	0	0	0	0	0	0	0	0	0	0	0	0	0	0	0	0	0	0	0	0	0	0	0	0	0	0	0	0	0	0	0	0	0	0	0	0	0	0	0	0	0	0	0	0	0	0	0	0	0	0	0	0	0	0	0	0	0	0	0	0	0	0	0	0	0	0	0	0	0	0	0	0	0	0	0	0	0	0	0	0	0	0	0	0	0	0	0	0	0	0	0	0	0	0	0	0	0	0	0	0	0	0	0	0	0	0	0	0	0	0	0	0	0	0	0	0	0	0	0	0	0	0	0	0	0	0	0	0	0	0	0	0	0	0	0	0	0	0	0	0	0	0	0	0	0	0	0	0	0	0	0	0	0	0	0	0	0	0	0	0	0	0	0	0	0	0	0	0	0	0	0	0	0	0	0	0	0	0	0	0	0	0	0	0	0	0	0	0	0	0	0	0	0	0	0	0	0	0	0	0	0	0	0	0	0	0	0	0	0	0	0	0	0	0	0	0	0	0	0	0	0	0	0	0	0	0	0	0	0	0	0	0	0	0	0	0	0	0	0	0	0	0	0	0	0	0	0	0	0	0	0	0	0	0	0	0	0	0	0	0	0	0	0	0	0	0	0	0	0	0	0	0	0	0	0	0
human_gut	0	0	0	0	0	0	0	0	0	0	0	0	0	0	0	0	0	0	0	0	0	0	0	0	0	0	0	0	0	0	0	0	0	0	0	0	0	0	0	0	0	0	0	0	0	0	0	0	0	0	0	0	0	0	0	0	0	0	0	0	0	0	0	0	0	0	0	0	0	0	0	0	0	0	0	0	0	0	0	0	0	0	0	0	0	0	0	0	0	0	0	0	0	0	0	0	0	0	0	0	0	0	0	0	0	0	0	0	0	0	0	0	0	0	0	0	0	0	0	0	0	0	0	0	0	0	0	0	0	0	0	0	0	0	0	0	0	0	0	0	0	0	0	0	0	0	0	0	0	0	0	0	0	0	0	0	0	0	0	0	0	0	0	0	0	0	0	0	0	0	0	0	0	0	0	0	0	0	0	0	0	0	0	0	0	0	0	0	0	0	0	0	0	0	0	0	0	0	0	0	0	0	0	0	0	0	0	0	0	0	0	0	0	0	0	0	0	0	0	0	0	0	0	0	0	0	0	0	0	0	0	0	0	0	0	0	0	0	0	0	0	0	0	0	0	0	0	0	0	0	0	0	0	0	0	0	0	0	0	0	0	0	0	0	0	0	0	0	0	0	0	0	0	0	0	0	0	0	0	0	0	0	0	0	0	0	0	0	0	0	0	0	0	0	0	0	0	0	0	0	0	0	0	0	0	0	0	0	0	0	0	0	0	0	0	0	0	0	0	0	0	0	0	0	0	0	0	0	0	0	0	0	0	0	0	0	0	0	0	0	0	0	0	0	0	0	0	0	0	0	0	0	0	0	0	0	0	0	0	0	0	0	0	0	0	0	0	0
human_associated	4	3	1	1	1	1	4	7	1	1	4	1	1	0	5	5	1	5	1	1	2	4	4	1	1	1	0	1	6	1	0	2	1	4	0	1	0	24	3	1	7	1	0	0	0	5	0	0	3	2	3	3	2	0	3	3	1	15	2	1	5	0	3	4	2	1	3	2	9	4	5	7	0	2	2	2	3	0	3	1	1	5	3	3	2	3	5	3	8	3	2	1	6	9	1	3	2	2	7	3	1	0	1	2	5	3	0	4	8	8	1	2	4	0	4	2	1	4	1	4	5	1	4	2	2	1	1	0	4	1	1	0	3	2	3	0	1	4	3	1	1	1	1	1	4	0	2	2	6	1	3	2	3	1	0	2	2	3	4	7	4	1	1	0	1	1	2	1	1	0	3	1	2	3	5	6	1	0	3	4	3	3	5	4	2	1	5	2	5	1	5	1	2	4	2	2	2	2	3	4	5	2	0	0	4	2	3	2	4	1	1	6	5	0	2	0	3	7	2	2	0	2	2	11	1	6	3	2	9	3	1	3	3	2	1	0	1	8	3	0	3	2	4	9	3	4	2	6	3	0	0	2	1	8	3	0	1	1	2	1	2	0	0	1	5	5	1	2	0	4	4	2	0	1	8	1	2	0	2	3	5	2	1	0	0	3	1	4	1	2	1	0	3	2	2	6	1	3	0	3	0	1	3	4	1	1	3	4	6	2	5	3	1	2	1	3	114	4	0	4	2	0	1	3	1	4	2	3	2	1	1	0	1	3	3	2	3	1	0	3	4	1	10	2	3	0	2	4	0	3	1	1	5	2	2	1	5	1	1	6	3	4	2	4	1	1	0	6
mammal_gut	0	0	0	0	0	0	0	0	0	0	0	0	0	0	0	0	0	0	0	0	0	0	0	0	0	0	0	0	0	0	0	0	0	0	0	0	0	0	0	0	0	0	0	0	0	0	0	0	0	0	0	0	0	0	0	0	0	0	0	0	0	0	0	0	0	0	0	0	0	0	0	0	0	0	0	0	0	0	0	0	0	0	0	0	0	0	0	0	0	0	0	0	0	0	0	0	0	0	0	0	0	0	0	0	0	0	0	0	0	0	0	0	0	0	0	0	0	0	0	0	0	0	0	0	0	0	0	0	0	0	0	0	0	0	0	0	0	0	0	0	0	0	0	0	0	0	0	0	0	0	0	0	0	0	0	0	0	0	0	0	0	0	0	0	0	0	0	0	0	0	0	0	0	0	0	0	0	0	0	0	0	0	0	0	0	0	0	0	0	0	0	0	0	0	0	0	0	0	0	0	0	0	0	0	0	0	0	0	0	0	0	0	0	0	0	0	0	0	0	0	0	0	0	0	0	0	0	0	0	0	0	0	0	0	0	0	0	0	0	0	0	0	0	0	0	0	0	0	0	0	0	0	0	0	0	0	0	0	0	0	0	0	0	0	0	0	0	0	0	0	0	0	0	0	0	0	0	0	0	0	0	0	0	0	0	0	0	0	0	0	0	0	0	0	0	0	0	0	0	0	0	0	0	0	0	0	0	0	0	0	0	0	0	0	0	0	0	0	0	0	0	0	0	0	0	0	0	0	0	0	0	0	0	0	0	0	0	0	0	0	0	0	0	0	0	0	0	0	0	0	0	0	0	0	0	0	0	0	0	0	0	0	0	0	0	0	0	0
animal_parasites_or_symbionts	4	7	4	1	1	5	4	9	2	2	4	5	6	0	5	5	1	7	10	2	2	7	6	3	3	4	0	3	8	2	0	2	1	10	1	4	1	24	4	2	11	2	1	1	1	6	1	0	3	3	5	5	2	0	5	3	5	16	5	3	6	1	5	5	3	3	4	5	9	5	5	11	2	2	4	2	5	0	4	2	3	7	3	3	2	5	7	5	9	4	4	2	6	9	2	6	3	3	7	4	1	0	3	4	7	5	4	7	9	11	2	3	4	3	4	3	2	5	3	8	6	1	5	3	3	2	2	2	5	7	1	1	4	2	4	1	4	5	4	1	1	3	1	3	6	1	5	5	6	1	3	3	4	4	0	2	2	3	4	7	4	1	10	0	3	3	3	2	2	1	5	1	3	3	6	7	2	1	4	4	4	4	7	5	3	3	5	15	8	2	6	1	4	4	3	4	5	2	4	6	6	3	1	0	4	3	4	4	5	3	1	7	6	3	5	0	4	8	3	3	1	4	5	11	3	6	3	2	9	3	4	4	4	2	1	2	3	9	3	0	3	2	5	9	4	7	3	6	4	1	1	4	1	9	4	0	4	3	4	1	2	2	5	2	6	9	5	2	0	8	4	6	3	5	11	1	2	1	3	7	5	3	1	1	0	5	2	7	1	3	4	1	4	2	2	7	2	3	2	4	6	1	4	4	2	4	4	4	7	4	5	4	5	3	2	3	116	4	1	4	3	0	1	4	2	6	4	4	2	3	3	0	1	3	3	4	4	3	0	3	4	2	13	6	4	0	2	5	2	3	4	2	5	6	3	6	8	1	2	7	3	4	2	5	7	1	1	8
plant_pathogen	0	0	0	0	0	0	0	0	0	0	0	0	0	0	0	0	0	0	0	0	0	0	0	0	0	0	0	0	0	0	0	0	0	0	0	0	0	0	0	0	0	0	0	0	0	0	0	0	0	0	0	0	0	0	0	0	0	0	0	0	0	0	0	0	0	0	0	0	0	0	0	0	0	0	0	0	0	0	0	0	0	0	0	0	0	0	0	0	0	0	0	0	0	0	0	0	0	0	0	0	0	0	0	0	0	0	0	0	0	0	0	0	0	0	0	0	0	0	0	0	0	0	0	0	0	0	0	0	0	0	0	0	0	0	0	0	0	0	0	0	0	0	0	0	0	0	0	0	0	0	0	0	0	0	0	0	0	0	0	0	0	0	0	0	0	0	0	0	0	0	0	0	0	0	0	0	0	0	0	0	0	0	0	0	0	0	0	0	0	0	0	0	0	0	0	0	0	0	0	0	0	0	0	0	0	0	0	0	0	0	0	0	0	0	0	0	0	0	0	0	0	0	0	0	0	0	0	0	0	0	0	0	0	0	0	0	0	0	0	0	0	0	0	0	0	0	0	0	0	0	0	0	0	0	0	0	0	0	0	0	0	0	0	0	0	0	0	0	0	0	0	0	0	0	0	0	0	0	0	0	0	0	0	0	0	0	0	0	0	0	0	0	0	0	0	0	0	0	0	0	0	0	0	0	0	0	0	0	0	0	0	0	0	0	0	0	0	0	0	0	0	0	0	0	0	0	0	0	0	0	0	0	0	0	0	0	0	0	0	0	0	0	0	0	0	0	0	0	0	0	0	0	0	0	0	0	0	0	0	0	0	0	0	0	0	0	0	0
oil_bioremediation	0	0	0	0	0	0	0	0	0	0	0	0	0	0	0	0	0	0	0	0	0	0	0	0	0	0	0	0	0	0	0	0	0	0	0	0	0	0	0	0	0	0	0	0	0	0	0	0	0	0	0	0	0	0	0	0	0	0	0	0	0	0	0	0	0	0	0	0	0	0	0	0	0	0	0	0	0	0	0	0	0	0	0	0	0	0	0	0	0	0	0	0	0	0	0	0	0	0	0	0	0	0	0	0	0	0	0	0	0	0	0	0	0	0	0	0	0	0	0	0	0	0	0	0	0	0	0	0	0	0	0	0	0	0	0	0	0	0	0	0	0	0	0	0	0	0	0	0	0	0	0	0	0	0	0	0	0	0	0	0	0	0	0	0	0	0	0	0	0	0	0	0	0	0	0	0	0	0	0	0	0	0	0	0	0	0	0	0	0	0	0	0	0	0	0	0	0	0	0	0	0	0	0	0	0	0	0	0	0	0	0	0	0	0	0	0	0	0	0	0	0	0	0	0	0	0	0	0	0	0	0	0	0	0	0	0	0	0	0	0	0	0	0	0	0	0	0	0	0	0	0	0	0	0	0	0	0	0	0	0	0	0	0	0	0	0	0	0	0	0	0	0	0	0	0	0	0	0	0	0	0	0	0	0	0	0	0	0	0	0	0	0	0	0	0	0	0	0	0	0	0	0	0	0	0	0	0	0	0	0	0	0	0	0	0	0	0	0	0	0	0	0	0	0	0	0	0	0	0	0	0	0	0	0	0	0	0	0	0	0	0	0	0	0	0	0	0	0	0	0	0	0	0	0	0	0	0	0	0	0	0	0	0	0	0	0	0	0
aromatic_hydrocarbon_degradation	0	1	0	0	2	5	2	0	3	0	1	4	1	2	1	7	0	5	0	0	0	0	5	2	3	1	0	0	3	1	0	0	0	0	0	2	0	2	0	2	6	0	0	0	0	1	1	0	0	1	1	1	0	0	3	1	0	0	2	0	2	0	0	1	1	0	2	2	1	1	14	3	6	2	1	3	0	1	3	0	2	1	1	1	0	3	1	2	1	6	0	1	2	1	1	0	1	0	0	1	2	3	0	0	3	2	4	1	6	0	3	1	1	0	5	4	3	2	1	2	0	2	2	3	3	1	1	5	2	2	1	0	2	0	2	0	4	0	1	3	4	4	1	1	3	0	1	0	1	0	0	2	0	0	0	0	0	8	1	14	1	0	1	0	0	0	2	2	2	2	3	2	2	2	2	4	0	0	1	0	0	1	0	2	0	0	1	0	3	2	0	1	0	0	4	1	1	0	1	0	0	0	3	5	0	1	1	1	2	0	1	1	0	2	0	4	0	1	2	1	0	2	0	0	0	1	1	2	2	0	1	2	2	0	1	0	0	11	0	2	3	3	0	5	1	2	0	2	3	0	2	1	3	1	2	2	1	0	0	0	0	0	1	0	1	2	3	3	2	1	1	0	1	1	0	2	1	5	2	0	0	2	0	1	0	0	1	1	0	3	1	1	1	3	0	0	0	1	1	0	1	0	1	2	1	1	2	0	3	1	1	1	1	0	3	2	73	0	0	6	0	3	1	3	0	4	1	1	1	4	4	0	6	0	4	2	1	1	2	1	0	0	4	1	1	0	2	18	1	0	5	0	0	1	3	0	0	2	2	1	0	1	1	1	5	3	4	1
aromatic_compound_degradation	9	19	5	10	13	12	9	0	16	12	7	11	2	18	4	14	16	16	10	14	13	6	23	18	19	19	13	6	13	9	11	14	3	17	4	10	13	14	8	16	13	4	22	5	9	36	14	5	5	8	18	20	12	8	18	12	7	11	12	1	12	3	9	11	6	15	9	16	17	6	23	15	13	20	7	19	5	14	23	8	14	16	21	15	3	10	17	9	14	13	16	17	21	10	11	10	18	10	21	17	9	5	21	26	23	14	11	17	25	12	19	18	9	2	20	14	22	17	9	11	18	15	11	17	13	16	3	21	11	14	17	6	11	10	15	8	23	16	6	11	14	10	14	10	13	16	8	11	16	4	14	20	10	3	14	9	7	24	19	18	24	11	20	14	12	9	5	23	15	9	6	14	18	9	15	18	4	11	14	11	5	16	13	13	1	8	14	5	14	15	10	25	8	14	14	15	15	9	8	8	18	13	8	26	16	20	9	7	11	4	12	13	8	13	14	17	11	14	8	19	9	11	4	16	4	28	12	16	26	6	8	26	15	19	10	9	14	34	15	7	12	20	7	19	14	12	16	12	16	15	26	24	13	20	20	13	12	5	11	5	19	7	4	6	7	17	12	18	10	12	14	9	7	6	9	14	9	14	16	14	12	15	7	13	7	9	8	11	7	8	20	5	14	15	8	25	10	16	2	13	4	8	12	16	5	8	14	16	13	18	17	10	18	5	19	12	93	16	4	14	8	10	20	23	14	21	17	11	6	16	13	6	19	6	15	6	15	13	10	12	6	17	21	11	7	17	24	35	9	12	18	28	12	9	20	9	14	6	10	15	11	10	10	22	16	8	17	12
aliphatic_non_methane_hydrocarbon_degradation	0	1	0	0	2	5	2	0	3	0	1	4	1	2	1	7	0	5	0	0	0	0	5	2	3	1	0	0	3	1	0	0	0	0	0	2	0	2	0	2	6	0	0	0	0	1	1	0	0	1	1	1	0	0	3	1	0	0	2	0	2	0	0	1	1	0	2	2	1	1	14	3	6	2	1	3	0	1	3	0	2	1	1	1	0	3	1	2	1	6	0	1	2	1	1	0	1	0	0	1	2	3	0	0	3	2	4	1	6	0	3	1	1	0	5	4	3	2	1	2	0	2	2	3	3	1	1	5	2	2	1	0	2	0	2	0	4	0	1	3	4	4	1	1	3	0	1	0	1	0	0	2	0	0	0	0	0	8	1	14	1	0	1	0	0	0	2	2	2	2	3	2	2	2	2	4	0	0	1	0	0	1	0	2	0	0	1	0	3	2	0	1	0	0	4	1	1	0	1	0	0	0	3	5	0	1	1	1	2	0	1	1	0	2	0	4	0	1	2	1	0	2	0	0	0	1	1	2	2	0	1	2	2	0	1	0	0	11	0	2	3	3	0	5	1	2	0	2	3	0	2	1	3	1	2	2	1	0	0	0	0	0	1	0	1	2	3	3	2	1	1	0	1	1	0	2	1	5	2	0	0	2	0	1	0	0	1	1	0	3	1	1	1	3	0	0	0	1	1	0	1	0	1	2	1	1	2	0	3	1	1	1	1	0	3	2	73	0	0	6	0	3	1	3	0	4	1	1	1	4	4	0	6	0	4	2	1	1	2	1	0	0	4	1	1	0	2	18	1	0	5	0	0	1	3	0	0	2	2	1	0	1	1	1	5	3	4	1
hydrocarbon_degradation	0	2	0	0	2	5	2	0	3	0	2	4	1	2	1	7	0	6	0	0	1	1	5	2	3	1	0	0	3	1	0	0	0	0	0	2	0	2	0	2	6	0	0	0	0	1	1	0	1	1	1	1	0	0	3	1	0	0	3	0	2	0	0	1	1	1	2	3	3	2	14	3	6	2	1	3	0	1	4	0	2	4	1	1	0	3	1	2	1	6	0	1	2	1	1	0	1	0	0	2	2	3	0	0	3	2	4	1	6	0	3	1	1	0	5	4	3	2	1	2	1	2	2	3	4	1	1	5	2	2	2	0	2	0	2	0	4	0	1	3	4	4	1	2	3	0	1	0	1	0	0	2	0	0	0	0	0	8	1	14	1	0	1	0	1	0	3	2	2	2	3	2	2	2	3	4	0	0	1	0	0	1	0	2	0	0	1	0	3	2	0	1	0	0	4	1	1	0	1	0	0	0	3	5	0	1	1	1	2	0	1	1	0	2	0	4	0	1	2	1	0	2	0	0	0	2	1	2	2	0	1	2	2	0	2	0	0	12	0	2	3	3	0	5	1	2	0	2	3	0	3	1	4	1	2	3	1	0	0	0	0	0	1	0	1	2	3	3	2	1	1	2	1	1	0	2	1	6	2	0	0	2	0	1	0	0	1	1	0	3	1	1	1	4	0	1	0	1	1	0	1	0	1	2	1	1	2	1	3	1	1	1	1	0	3	2	73	0	0	7	0	3	2	3	0	4	1	3	1	4	4	1	6	0	4	2	1	1	2	1	0	0	4	1	1	0	2	18	1	0	5	1	0	1	3	0	0	2	2	1	0	1	1	1	5	3	4	1
dark_iron_oxidation	0	0	0	0	0	0	0	0	0	0	0	0	0	0	0	0	0	0	0	0	0	0	0	0	0	0	0	0	0	0	0	0	0	0	0	0	0	0	0	0	0	0	0	0	0	0	0	0	0	0	0	0	0	0	0	0	0	0	0	0	0	0	0	0	0	0	0	0	0	0	0	0	0	0	0	0	0	0	0	0	0	0	0	0	0	0	0	0	0	0	0	0	0	0	0	0	0	0	0	0	0	0	0	0	0	0	0	0	0	0	0	0	0	0	0	0	0	0	0	0	0	0	0	0	0	0	0	0	0	0	0	0	0	0	0	0	0	0	0	0	0	0	0	0	0	0	0	0	0	0	0	0	0	0	0	0	0	0	0	0	0	0	0	0	0	0	0	0	0	0	0	0	0	0	0	0	0	0	0	0	0	0	0	0	0	0	0	0	0	0	0	0	0	0	0	0	0	0	0	0	0	0	0	0	0	0	0	0	0	0	0	0	0	0	0	0	0	0	0	0	0	0	0	0	0	0	0	0	0	0	0	0	0	0	0	0	0	0	0	0	0	0	0	0	0	0	0	0	0	0	0	0	0	0	0	0	0	0	0	0	0	0	0	0	0	0	0	0	0	0	0	0	0	0	0	0	0	0	0	0	0	0	0	0	0	0	0	0	0	0	0	0	0	0	0	0	0	0	0	0	0	0	0	0	0	0	0	0	0	0	0	0	0	0	0	0	0	0	0	0	0	0	0	0	0	0	0	0	0	0	0	0	0	0	0	0	0	0	0	0	0	0	0	0	0	0	0	0	0	0	0	0	0	0	0	0	0	0	0	0	0	0	0	0	0	0	0	0
iron_respiration	0	4	0	1	8	0	4	6	1	2	4	0	1	2	0	2	2	2	0	3	1	1	7	1	2	0	0	2	0	3	2	2	0	1	2	2	2	0	2	5	3	1	0	0	1	2	1	1	2	3	0	4	0	0	9	3	0	2	2	0	5	1	0	1	4	1	0	1	0	5	1	2	0	2	0	0	4	1	0	0	0	3	10	0	2	2	3	0	1	2	0	0	2	1	0	0	2	3	1	0	1	8	2	3	4	5	0	0	0	1	0	2	2	0	4	0	0	2	0	0	3	0	1	0	3	1	0	0	2	0	1	0	9	0	4	3	4	1	0	2	3	1	0	4	1	0	0	0	1	0	1	2	0	1	2	2	0	2	4	1	3	6	5	0	1	0	0	1	1	0	1	2	0	4	6	1	0	3	1	4	4	4	0	4	0	0	2	2	0	0	4	1	0	4	1	0	6	2	3	0	5	3	1	1	3	2	3	0	0	1	2	3	1	3	3	1	1	4	0	1	5	4	0	3	0	7	2	4	3	1	0	3	1	2	2	0	2	2	2	0	4	1	4	9	0	4	2	0	8	0	8	3	0	3	1	1	1	0	2	1	2	0	0	0	0	4	0	1	1	2	3	0	0	0	0	1	0	2	2	2	2	1	1	0	0	0	4	1	2	2	4	1	4	3	1	2	0	3	0	2	0	0	1	2	0	6	0	2	0	1	6	2	0	1	0	5	5	3	1	1	1	0	1	0	0	0	3	1	7	1	0	0	2	3	0	0	3	4	0	4	0	1	2	0	0	0	0	0	1	2	2	1	2	5	3	2	0	0	1	0	1	4	1	3	0	6	0	0
nitrate_respiration	29	29	20	27	47	42	37	64	43	55	41	52	24	53	28	34	22	24	46	50	46	57	15	32	49	47	66	29	54	23	29	34	30	34	18	58	47	45	38	51	39	25	38	16	34	27	26	46	60	55	38	62	44	33	49	48	63	39	18	28	49	23	67	41	40	30	40	36	44	33	44	51	30	52	19	49	39	38	42	35	41	62	52	38	38	57	45	36	52	26	43	35	58	44	37	36	57	56	49	58	32	47	47	34	34	38	36	39	38	24	49	44	42	58	42	40	40	32	30	29	32	24	49	31	36	42	25	41	34	57	38	22	29	28	54	37	45	64	27	41	54	28	49	65	56	34	24	31	40	42	46	56	31	23	35	23	53	36	43	40	40	40	49	53	53	21	32	37	56	27	25	33	36	40	31	45	33	46	31	51	33	47	50	51	22	40	38	36	43	36	47	32	28	44	64	41	50	41	35	54	33	33	43	38	49	46	39	44	38	45	60	50	41	29	37	32	44	37	31	37	67	29	33	48	23	45	67	30	51	37	44	24	44	35	32	35	24	46	48	28	42	44	34	42	39	49	41	36	41	44	41	39	44	52	40	30	62	38	52	31	63	28	42	26	34	44	36	53	52	44	54	37	46	32	54	34	23	22	33	44	50	31	24	44	26	42	51	29	30	36	34	37	43	34	25	53	47	36	33	47	20	32	55	21	30	39	50	41	24	52	38	32	43	21	30	48	170	40	33	32	35	35	42	47	54	33	45	55	30	39	25	47	50	46	50	42	49	34	30	37	42	48	58	39	47	40	51	46	39	55	33	68	40	32	41	32	41	23	47	30	50	42	28	54	43	31	40	52
nitrate_reduction	54	57	78	49	74	93	100	86	72	86	65	112	35	120	57	67	66	58	92	84	70	123	54	83	82	111	124	55	115	57	72	58	79	58	38	102	92	86	64	94	58	47	73	84	82	66	89	83	92	86	101	103	98	72	71	78	135	57	51	67	90	41	111	98	73	54	88	83	94	65	75	89	73	93	50	100	69	78	98	93	111	93	80	91	70	106	74	88	83	51	108	94	106	77	121	101	84	108	97	125	56	102	75	66	64	70	82	95	110	56	129	117	90	104	86	111	106	108	98	86	56	79	89	91	71	95	67	136	73	124	63	61	57	62	85	80	102	120	84	93	92	69	94	108	101	100	45	106	100	81	104	103	70	91	103	45	110	72	75	53	82	75	75	111	90	66	90	92	99	127	82	65	75	69	86	74	59	78	69	72	45	77	94	76	49	85	75	75	105	62	118	81	74	76	94	116	88	112	88	114	59	64	89	62	96	81	49	105	110	91	126	81	68	69	73	112	82	50	109	80	108	67	77	86	69	78	101	58	92	67	82	52	83	58	59	68	58	79	96	54	87	93	89	70	94	87	96	98	101	113	76	84	105	107	88	73	116	95	90	77	98	79	93	73	82	76	93	86	93	108	77	92	124	47	135	75	74	60	60	71	93	61	66	92	71	91	138	63	65	61	62	120	73	88	80	88	122	83	77	108	77	59	78	54	89	57	92	92	64	104	69	62	107	44	103	81	224	59	58	65	72	115	75	95	116	78	77	89	57	109	99	119	111	67	131	90	88	66	76	65	68	78	103	124	122	124	102	101	102	110	55	117	72	64	73	83	73	78	87	71	108	75	54	77	79	58	91	98
nitrogen_respiration	29	29	20	27	47	42	37	64	43	55	41	52	24	53	28	34	22	24	46	50	46	57	15	32	49	47	66	29	54	23	29	34	30	34	18	58	47	45	38	51	39	25	38	16	34	27	26	46	60	55	38	62	44	33	49	48	63	39	18	28	49	23	67	41	40	30	40	36	44	33	44	51	30	52	19	49	39	38	42	35	41	62	52	38	38	57	45	36	52	26	43	35	58	44	37	36	57	56	49	58	32	47	47	34	34	38	36	39	38	24	49	44	42	58	42	40	40	32	30	29	32	24	49	31	36	42	25	41	34	57	38	22	29	28	54	37	45	64	27	41	54	28	49	65	56	34	24	31	40	42	46	56	31	23	35	23	53	36	43	40	40	40	49	53	53	21	32	37	56	27	25	33	36	40	31	45	33	46	31	51	33	47	50	51	22	40	38	36	43	36	47	32	28	44	64	41	50	41	35	54	33	33	43	38	49	46	39	44	38	45	60	50	41	29	37	32	44	37	31	37	67	29	33	48	23	45	67	30	51	37	44	24	44	35	32	35	24	46	48	28	42	44	34	42	39	49	41	36	41	44	41	39	44	52	40	30	62	38	52	31	63	28	42	26	34	44	36	53	52	44	54	37	46	32	54	34	23	22	33	44	50	31	24	44	26	42	51	29	30	36	34	37	43	34	25	53	47	36	33	47	20	32	55	21	30	39	50	41	24	52	38	32	43	21	30	48	170	40	33	32	35	35	42	47	54	33	45	55	30	39	25	47	50	46	50	42	49	34	30	37	42	48	58	39	47	40	51	46	39	55	33	68	40	32	41	32	41	23	47	30	50	42	28	54	43	31	40	52
fumarate_respiration	0	0	0	0	0	0	0	0	0	0	0	0	0	0	0	0	0	0	0	0	0	0	0	0	0	0	0	0	0	0	0	0	0	0	0	0	0	0	0	0	0	0	0	0	0	0	0	0	0	0	0	0	0	0	0	0	0	0	0	0	0	0	0	0	0	0	0	0	0	0	0	0	0	0	0	0	0	0	0	0	0	0	0	0	0	0	0	0	0	0	0	0	0	0	0	0	0	0	0	0	0	0	0	0	0	0	0	0	0	0	0	0	0	0	0	0	0	0	0	0	0	0	0	0	0	0	0	0	0	0	0	0	0	0	0	0	0	0	0	0	0	0	0	0	0	0	0	0	0	0	0	0	0	0	0	0	0	0	0	0	0	0	0	0	0	0	0	0	0	0	0	0	0	0	0	0	0	0	0	0	0	0	0	0	0	0	0	0	0	0	0	0	0	0	0	0	0	0	0	0	0	0	0	0	0	0	0	0	0	0	0	0	0	0	0	0	0	0	0	0	0	0	0	0	0	0	0	0	0	0	0	0	0	0	0	0	0	0	0	0	0	0	0	0	0	0	0	0	0	0	0	0	0	0	0	0	0	0	0	0	0	0	0	0	0	0	0	0	0	0	0	0	0	0	0	0	0	0	0	0	0	0	0	0	0	0	0	0	0	0	0	0	0	0	0	0	0	0	0	0	0	0	0	0	0	0	0	0	0	0	0	0	0	0	0	0	0	0	0	0	0	0	0	0	0	0	0	0	0	0	0	0	0	0	0	0	0	0	0	0	0	0	0	0	0	0	0	0	0	0	0	0	0	0	0	0	0	0	0	0	0	0	0	0	0	0	0	0
intracellular_parasites	2	11	2	3	4	3	7	6	8	7	2	4	8	6	9	5	8	9	8	4	2	7	6	1	6	3	5	5	2	5	11	8	1	2	12	5	1	1	8	4	6	9	6	2	1	4	4	10	1	6	4	7	1	1	11	6	6	10	2	8	7	11	2	6	11	10	3	2	7	3	2	0	2	11	0	5	7	7	2	3	0	10	3	0	8	4	9	3	5	7	0	0	7	4	1	4	4	4	1	0	10	11	3	4	3	3	3	2	1	6	1	1	5	4	3	0	0	1	4	3	4	1	6	1	11	3	0	2	10	2	7	0	6	10	9	0	5	5	3	5	6	5	3	2	3	3	5	4	15	1	7	6	0	0	5	23	5	9	3	3	3	12	7	8	3	3	4	3	5	3	2	2	4	7	6	6	9	5	6	4	4	8	7	6	3	3	11	7	1	6	5	6	4	14	5	2	10	5	9	2	8	6	6	0	3	5	3	2	0	2	6	3	11	18	13	1	1	1	1	5	3	5	2	7	2	2	8	7	3	12	0	6	5	15	4	2	11	3	7	4	12	9	7	7	3	6	2	3	3	0	6	5	3	4	5	7	1	0	5	3	2	1	1	2	9	3	0	11	3	4	3	2	1	7	0	3	1	18	5	7	1	6	6	5	4	4	6	6	13	3	5	0	7	4	1	3	2	4	2	1	1	9	2	5	2	5	6	3	4	3	1	5	3	3	1	6	9	6	9	8	7	4	4	1	1	2	3	8	4	0	0	3	5	10	4	0	4	7	0	12	7	1	4	2	0	6	4	5	5	3	1	3	2	5	5	2	4	7	3	5	3	21	8	4	3	9	0	0
chlorate_reducers	0	0	0	0	0	0	0	0	0	0	0	0	0	0	0	0	0	0	0	0	0	0	0	0	0	0	0	0	0	0	0	0	0	0	0	0	0	0	0	0	0	0	0	0	0	0	0	0	0	0	0	0	0	0	0	0	0	0	0	0	0	0	0	0	0	0	0	0	0	0	0	0	0	0	0	0	0	0	0	0	0	0	0	0	0	0	0	0	0	0	0	0	0	0	0	0	0	0	0	0	0	0	0	0	0	0	0	0	0	0	0	0	0	0	0	0	0	0	0	0	0	0	0	0	0	0	0	0	0	0	0	0	0	0	0	0	0	0	0	0	0	0	0	0	0	0	0	0	0	0	0	0	0	0	0	0	0	0	0	0	0	0	0	0	0	0	0	0	0	0	0	0	0	0	0	0	0	0	0	0	0	0	0	0	0	0	0	0	0	0	0	0	0	0	0	0	0	0	0	0	0	0	0	0	0	0	0	0	0	0	0	0	0	0	0	0	0	0	0	0	0	0	0	0	0	0	0	0	0	0	0	0	0	0	0	0	0	0	0	0	0	0	0	0	0	0	0	0	0	0	0	0	0	0	0	0	0	0	0	0	0	0	0	0	0	0	0	0	0	0	0	0	0	0	0	0	0	0	0	0	0	0	0	0	0	0	0	0	0	0	0	0	0	0	0	0	0	0	0	0	0	0	0	0	0	0	0	0	0	0	0	0	0	0	0	0	0	0	0	0	0	0	0	0	0	0	0	0	0	0	0	0	0	0	0	0	0	0	0	0	0	0	0	0	0	0	0	0	0	0	0	0	0	0	0	0	0	0	0	0	0	0	0	0	0	0	0	0
predatory_or_exoparasitic	57	55	37	34	63	57	55	59	40	48	57	52	69	56	56	48	79	39	50	37	45	98	24	35	39	39	70	68	41	53	60	54	63	83	54	45	58	37	43	31	43	67	77	34	64	52	32	49	43	34	51	45	31	28	68	46	44	58	39	80	49	57	53	58	43	45	80	59	35	48	45	26	38	45	24	41	42	59	59	53	31	49	23	38	73	57	39	41	49	58	41	43	37	37	31	53	27	38	43	57	48	50	29	42	51	61	26	49	43	58	35	69	56	54	58	51	33	84	43	27	47	35	63	43	53	36	55	36	40	55	55	36	45	47	55	50	47	44	26	56	48	35	56	39	40	20	49	40	66	30	61	68	19	23	41	81	56	59	52	55	41	52	40	48	67	25	65	45	65	30	54	40	36	43	99	66	56	48	50	37	33	54	44	62	43	58	69	32	34	59	44	44	27	52	52	53	56	64	90	40	40	52	51	49	46	78	50	33	38	58	61	49	43	82	36	48	55	38	38	33	46	40	44	42	50	41	64	41	56	98	28	44	53	30	52	44	53	39	56	47	45	74	55	47	51	48	34	44	43	50	33	44	42	30	57	74	32	42	51	51	58	29	33	25	56	44	36	64	42	70	36	27	33	48	26	40	46	53	73	34	43	51	30	67	45	36	71	46	56	56	37	61	50	61	45	54	31	31	30	47	33	64	59	55	35	26	46	50	55	40	57	59	38	45	22	36	48	51	62	51	45	30	32	42	69	49	51	66	64	33	35	54	48	53	57	18	43	56	51	45	45	38	50	40	23	47	36	65	84	53	65	62	41	44	38	29	54	44	64	41	55	68	83	66	55	42	22	39
chloroplasts	0	0	0	0	0	0	0	0	0	0	0	0	0	0	0	0	0	0	0	0	0	0	0	0	0	0	0	0	0	0	0	0	0	0	0	0	0	0	0	0	0	0	0	0	0	0	0	0	0	0	0	0	0	0	0	0	0	0	0	0	0	0	0	0	0	0	0	0	0	0	0	0	0	0	0	0	0	0	0	0	0	0	0	0	0	0	0	0	0	0	0	0	0	0	0	0	0	0	0	0	0	0	0	0	0	0	0	0	0	0	0	0	0	0	0	0	0	0	0	0	0	0	0	0	0	0	0	0	0	0	0	0	0	0	0	0	0	0	0	0	0	0	0	0	0	0	0	0	0	0	0	0	0	0	0	0	0	0	0	0	0	0	0	0	0	0	0	0	0	0	0	0	0	0	0	0	0	0	0	0	0	0	0	0	0	0	0	0	0	0	0	0	0	0	0	0	0	0	0	0	0	0	0	0	0	0	0	0	0	0	0	0	0	0	0	0	0	0	0	0	0	0	0	0	0	0	0	0	0	0	0	0	0	0	0	0	0	0	0	0	0	0	0	0	0	0	0	0	0	0	0	0	0	0	0	0	0	0	0	0	0	0	0	0	0	0	0	0	0	0	0	0	0	0	0	0	0	0	0	0	0	0	0	0	0	0	0	0	0	0	0	0	0	0	0	0	0	0	0	0	0	0	0	0	0	0	0	0	0	0	0	0	0	0	0	0	0	0	0	0	0	0	0	0	0	0	0	0	0	0	0	0	0	0	0	0	0	0	0	0	0	0	0	0	0	0	0	0	0	0	0	0	0	0	0	0	0	0	0	0	0	0	0	0	0	0	0	0
nonphotosynthetic_cyanobacteria	3	12	5	9	10	8	6	7	4	3	9	4	12	7	8	11	4	11	10	11	6	8	2	2	6	4	7	8	4	27	18	6	11	6	12	16	10	3	7	9	8	11	6	7	6	10	4	9	14	4	6	5	4	4	12	8	6	10	6	9	14	6	8	4	11	9	4	7	6	6	3	9	3	8	5	4	5	4	2	3	4	5	5	3	8	11	10	10	6	4	5	0	6	11	5	9	5	5	8	6	12	3	5	13	11	11	3	0	4	3	7	3	9	8	8	7	1	3	3	5	9	3	7	9	13	8	3	7	13	6	9	3	16	11	11	5	8	10	3	3	2	10	5	4	7	2	11	6	7	3	5	7	2	6	3	15	7	15	9	9	7	6	11	6	6	5	10	7	5	4	7	9	8	13	9	12	15	19	5	9	6	5	4	9	9	6	9	11	6	10	5	10	3	7	9	5	11	10	2	2	9	4	7	9	6	8	12	4	4	13	2	11	6	6	9	4	5	9	3	17	8	6	1	8	9	8	15	6	5	10	2	6	8	12	7	8	8	4	11	12	13	7	12	17	6	14	3	5	6	1	2	14	3	8	5	4	1	0	10	7	8	5	3	8	14	11	6	3	5	6	4	2	1	13	3	11	7	9	7	7	13	8	11	5	3	6	2	8	6	7	21	5	8	8	10	5	0	10	0	9	2	10	13	3	5	12	6	5	13	3	10	12	3	5	3	12	6	7	13	9	6	4	9	4	4	3	6	10	17	0	10	3	3	21	2	0	7	9	3	8	8	11	8	1	2	6	4	7	11	6	9	6	6	3	10	4	7	14	6	6	3	6	11	3	3	10	4	5
photosynthetic_cyanobacteria	0	0	0	0	0	0	0	3	0	0	0	0	0	0	0	0	0	0	0	0	0	0	0	0	2	0	0	1	0	1	0	1	0	0	0	0	0	0	0	1	0	0	0	0	0	0	0	0	0	0	0	0	0	0	0	0	0	0	0	0	0	0	0	0	0	0	0	0	0	0	0	1	0	0	0	1	0	0	0	0	0	0	0	0	0	0	0	0	0	0	0	0	0	0	0	0	0	0	0	0	0	0	0	0	0	0	3	0	0	0	0	0	0	0	0	0	0	0	0	0	1	1	0	0	1	0	0	0	0	0	0	0	1	0	0	1	1	0	0	0	0	0	0	0	2	0	0	0	0	0	0	0	0	0	0	0	0	0	0	1	0	0	0	0	1	0	0	0	0	0	0	1	1	0	0	0	0	1	0	0	0	0	1	0	0	0	0	0	0	0	0	0	0	0	1	0	0	0	0	0	0	0	0	0	0	0	0	0	0	0	0	0	0	0	0	0	0	0	0	0	0	0	0	0	0	0	0	0	1	2	0	0	0	0	1	0	0	1	0	0	0	0	0	0	0	0	0	0	0	0	0	1	0	0	0	0	0	1	0	0	0	0	0	0	0	0	0	0	0	0	0	0	0	0	0	0	0	0	0	3	0	0	0	0	0	0	0	0	0	0	0	0	1	1	0	0	0	0	0	0	0	0	0	0	0	0	0	1	0	0	0	0	0	0	0	1	0	0	0	0	0	0	0	0	0	0	0	0	0	0	0	0	0	0	0	0	0	0	0	1	0	0	0	0	0	0	0	0	1	0	0	0	0	0	0	0	0	0	0	0	0	0	1	0	0	0	0	0
anoxygenic_photoautotrophy_H2_oxidizing	0	0	0	0	0	0	0	0	0	0	0	0	0	0	0	0	0	0	0	0	0	0	0	0	0	0	0	0	0	0	0	0	0	0	0	0	0	0	0	0	0	0	0	0	0	0	0	0	0	0	0	0	0	0	0	0	0	0	0	0	0	0	0	0	0	0	0	0	0	0	0	0	0	0	0	0	0	0	0	0	0	0	0	0	0	0	0	0	0	0	0	0	0	0	0	0	0	0	0	0	0	0	0	0	0	0	0	0	0	0	0	0	0	0	0	0	0	0	0	0	0	0	0	0	0	0	0	0	0	0	0	0	0	0	0	0	0	0	0	0	0	0	0	0	0	0	0	0	0	0	0	0	0	0	0	0	0	0	0	0	0	0	0	0	0	0	0	0	0	0	0	0	0	0	0	0	0	0	0	0	0	0	0	0	0	0	0	0	0	0	0	0	0	0	0	0	0	0	0	0	0	0	0	0	0	0	0	0	0	0	0	0	0	0	0	0	0	0	0	0	0	0	0	0	0	0	0	0	0	0	0	0	0	0	0	0	0	0	0	0	0	0	0	0	0	0	0	0	0	0	0	0	0	0	0	0	0	0	0	0	0	0	0	0	0	0	0	0	0	0	0	0	0	0	0	0	0	0	0	0	0	0	0	0	0	0	0	0	0	0	0	0	0	0	0	0	0	0	0	0	0	0	0	0	0	0	0	0	0	0	0	0	0	0	0	0	0	0	0	0	0	0	0	0	0	0	0	0	0	0	0	0	0	0	0	0	0	0	0	0	0	0	0	0	0	0	0	0	0	0	0	0	0	0	0	0	0	0	0	0	0	0	0	0	0	0	0	0
anoxygenic_photoautotrophy_S_oxidizing	24	27	19	26	47	41	37	63	42	55	41	52	24	51	26	32	21	20	46	50	45	53	12	32	49	47	66	27	43	23	29	34	29	30	18	58	47	20	37	49	32	24	38	14	34	25	25	46	59	55	37	62	43	31	48	48	63	25	18	28	48	23	67	39	39	30	40	35	43	33	40	48	29	51	17	49	39	38	40	35	40	62	47	36	37	54	39	35	51	24	39	35	58	40	36	36	56	54	45	58	32	47	47	34	30	38	31	39	30	17	49	43	39	57	40	40	37	31	26	26	32	23	47	30	36	42	23	38	34	56	38	22	29	27	54	36	45	62	27	41	53	28	49	64	52	32	23	30	40	37	46	55	29	22	34	23	52	36	41	36	40	40	49	52	52	21	32	35	55	26	22	33	34	40	31	41	33	46	30	48	33	46	50	51	21	40	38	36	40	34	46	28	25	42	63	37	49	39	35	54	33	32	42	38	49	46	39	42	32	45	60	48	39	29	37	32	42	34	28	36	65	29	33	46	22	45	66	29	47	35	40	23	42	35	31	34	24	41	47	28	41	43	31	38	38	48	40	26	40	43	40	39	41	49	39	30	59	38	52	31	63	28	40	24	34	42	33	53	52	44	52	34	44	32	45	33	22	22	32	44	50	30	24	44	26	42	51	26	30	35	34	37	43	34	24	52	46	36	33	47	20	31	55	21	29	39	50	41	24	52	37	30	39	19	28	48	46	40	33	30	35	35	42	47	53	30	45	54	30	37	20	44	50	46	47	39	47	34	30	37	40	48	47	35	46	40	50	45	38	54	32	68	39	30	41	32	41	23	46	28	50	42	27	51	42	30	30	51
anoxygenic_photoautotrophy_Fe_oxidizing	0	0	0	0	0	0	0	0	0	0	0	0	0	0	0	0	0	0	0	0	0	0	0	0	0	0	0	0	0	0	0	0	0	0	0	0	0	0	0	0	0	0	0	0	0	0	0	0	0	0	0	0	0	0	0	0	0	0	0	0	0	0	0	0	0	0	0	0	0	0	0	0	0	0	0	0	0	0	0	0	0	0	0	0	0	0	0	0	0	0	0	0	0	0	0	0	0	0	0	0	0	0	0	0	0	0	0	0	0	0	0	0	0	0	0	0	0	0	0	0	0	0	0	0	0	0	0	0	0	0	0	0	0	0	0	0	0	0	0	0	0	0	0	0	0	0	0	0	0	0	0	0	0	0	0	0	0	0	0	0	0	0	0	0	0	0	0	0	0	0	0	0	0	0	0	0	0	0	0	0	0	0	0	0	0	0	0	0	0	0	0	0	0	0	0	0	0	0	0	0	0	0	0	0	0	0	0	0	0	0	0	0	0	0	0	0	0	0	0	0	0	0	0	0	0	0	0	0	0	0	0	0	0	0	0	0	0	0	0	0	0	0	0	0	0	0	0	0	0	0	0	0	0	0	0	0	0	0	0	0	0	0	0	0	0	0	0	0	0	0	0	0	0	0	0	0	0	0	0	0	0	0	0	0	0	0	0	0	0	0	0	0	0	0	0	0	0	0	0	0	0	0	0	0	0	0	0	0	0	0	0	0	0	0	0	0	0	0	0	0	0	0	0	0	0	0	0	0	0	0	0	0	0	0	0	0	0	0	0	0	0	0	0	0	0	0	0	0	0	0	0	0	0	0	0	0	0	0	0	0	0	0	0	0	0	0	0	0
anoxygenic_photoautotrophy	24	27	19	26	47	41	37	63	42	55	41	52	24	51	26	32	21	20	46	50	45	53	12	32	49	47	66	27	43	23	29	34	29	30	18	58	47	20	37	49	32	24	38	14	34	25	25	46	59	55	37	62	43	31	48	48	63	25	18	28	48	23	67	39	39	30	40	35	43	33	40	48	29	51	17	49	39	38	40	35	40	62	47	36	37	54	39	35	51	24	39	35	58	40	36	36	56	54	45	58	32	47	47	34	30	38	31	39	30	17	49	43	39	57	40	40	37	31	26	26	32	23	47	30	36	42	23	38	34	56	38	22	29	27	54	36	45	62	27	41	53	28	49	64	52	32	23	30	40	37	46	55	29	22	34	23	52	36	41	36	40	40	49	52	52	21	32	35	55	26	22	33	34	40	31	41	33	46	30	48	33	46	50	51	21	40	38	36	40	34	46	28	25	42	63	37	49	39	35	54	33	32	42	38	49	46	39	42	32	45	60	48	39	29	37	32	42	34	28	36	65	29	33	46	22	45	66	29	47	35	40	23	42	35	31	34	24	41	47	28	41	43	31	38	38	48	40	26	40	43	40	39	41	49	39	30	59	38	52	31	63	28	40	24	34	42	33	53	52	44	52	34	44	32	45	33	22	22	32	44	50	30	24	44	26	42	51	26	30	35	34	37	43	34	24	52	46	36	33	47	20	31	55	21	29	39	50	41	24	52	37	30	39	19	28	48	46	40	33	30	35	35	42	47	53	30	45	54	30	37	20	44	50	46	47	39	47	34	30	37	40	48	47	35	46	40	50	45	38	54	32	68	39	30	41	32	41	23	46	28	50	42	27	51	42	30	30	51
oxygenic_photoautotrophy	0	0	0	0	0	0	0	3	0	0	0	0	0	0	0	0	0	0	0	0	0	0	0	0	2	0	0	1	0	1	0	1	0	0	0	0	0	0	0	1	0	0	0	0	0	0	0	0	0	0	0	0	0	0	0	0	0	0	0	0	0	0	0	0	0	0	0	0	0	0	0	1	0	0	0	1	0	0	0	0	0	0	0	0	0	0	0	0	0	0	0	0	0	0	0	0	0	0	0	0	0	0	0	0	0	0	3	0	0	0	0	0	0	0	0	0	0	0	0	0	1	1	0	0	1	0	0	0	0	0	0	0	1	0	0	1	1	0	0	0	0	0	0	0	2	0	0	0	0	0	0	0	0	0	0	0	0	0	0	1	0	0	0	0	1	0	0	0	0	0	0	1	1	0	0	0	0	1	0	0	0	0	1	0	0	0	0	0	0	0	0	0	0	0	1	0	0	0	0	0	0	0	0	0	0	0	0	0	0	0	0	0	0	0	0	0	0	0	0	0	0	0	0	0	0	0	0	0	1	2	0	0	0	0	1	0	0	1	0	0	0	0	0	0	0	0	0	0	0	0	0	1	0	0	0	0	0	1	0	0	0	0	0	0	0	0	0	0	0	0	0	0	0	0	0	0	0	0	0	3	0	0	0	0	0	0	0	0	0	0	0	0	1	1	0	0	0	0	0	0	0	0	0	0	0	0	0	1	0	0	0	0	0	0	0	1	0	0	0	0	0	0	0	0	0	0	0	0	0	0	0	0	0	0	0	0	0	0	0	1	0	0	0	0	0	0	0	0	1	0	0	0	0	0	0	0	0	0	0	0	0	0	1	0	0	0	0	0
photoautotrophy	24	27	19	26	47	41	37	66	42	55	41	52	24	51	26	32	21	20	46	50	45	53	12	32	51	47	66	28	43	24	29	35	29	30	18	58	47	20	37	50	32	24	38	14	34	25	25	46	59	55	37	62	43	31	48	48	63	25	18	28	48	23	67	39	39	30	40	35	43	33	40	49	29	51	17	50	39	38	40	35	40	62	47	36	37	54	39	35	51	24	39	35	58	40	36	36	56	54	45	58	32	47	47	34	30	38	34	39	30	17	49	43	39	57	40	40	37	31	26	26	33	24	47	30	37	42	23	38	34	56	38	22	30	27	54	37	46	62	27	41	53	28	49	64	54	32	23	30	40	37	46	55	29	22	34	23	52	36	41	37	40	40	49	52	53	21	32	35	55	26	22	34	35	40	31	41	33	47	30	48	33	46	51	51	21	40	38	36	40	34	46	28	25	42	64	37	49	39	35	54	33	32	42	38	49	46	39	42	32	45	60	48	39	29	37	32	42	34	28	36	65	29	33	46	22	45	66	29	48	37	40	23	42	35	32	34	24	42	47	28	41	43	31	38	38	48	40	26	40	43	40	40	41	49	39	30	59	39	52	31	63	28	40	24	34	42	33	53	52	44	52	34	44	32	45	33	22	22	32	47	50	30	24	44	26	42	51	26	30	35	34	37	44	35	24	52	46	36	33	47	20	31	55	21	29	39	50	42	24	52	37	30	39	19	28	49	46	40	33	30	35	35	42	47	53	30	45	54	30	37	20	44	50	46	47	39	47	34	30	38	40	48	47	35	46	40	50	45	39	54	32	68	39	30	41	32	41	23	46	28	50	42	28	51	42	30	30	51
aerobic_anoxygenic_phototrophy	0	0	0	0	0	0	0	0	0	0	0	0	0	0	0	0	0	0	0	0	0	0	0	0	0	0	0	0	0	0	0	0	0	0	0	0	0	0	0	0	0	0	0	0	0	0	0	0	0	0	0	0	0	0	0	0	0	0	0	0	0	0	0	0	0	0	0	0	0	0	0	0	0	0	0	0	0	0	0	0	0	0	0	0	0	0	0	0	0	0	0	0	0	0	0	0	0	0	0	0	0	0	0	0	0	0	0	0	0	0	0	0	0	0	0	0	0	0	0	0	0	0	0	0	0	0	0	0	0	0	0	0	0	0	0	0	0	0	0	0	0	0	0	0	0	0	0	0	0	0	0	0	0	0	0	0	0	0	0	0	0	0	0	0	0	0	0	0	0	0	0	0	0	0	0	0	0	0	0	0	0	0	0	0	0	0	0	0	0	0	0	0	0	0	0	0	0	0	0	0	0	0	0	0	0	0	0	0	0	0	0	0	0	0	0	0	0	0	0	0	0	0	0	0	0	0	0	0	0	0	0	0	0	0	0	0	0	0	0	0	0	0	0	0	0	0	0	0	0	0	0	0	0	0	0	0	0	0	0	0	0	0	0	0	0	0	0	0	0	0	0	0	0	0	0	0	0	0	0	0	0	0	0	0	0	0	0	0	0	0	0	0	0	0	0	0	0	0	0	0	0	0	0	0	0	0	0	0	0	0	0	0	0	0	0	0	0	0	0	0	0	0	0	0	0	0	0	0	0	0	0	0	0	0	0	0	0	0	0	0	0	0	0	0	0	0	0	0	0	0	0	0	0	0	0	0	0	0	0	0	0	0	0	0	0	0	0	0
photoheterotrophy	32	44	48	43	62	52	44	89	58	62	61	66	33	65	38	60	32	30	55	71	59	67	22	41	64	69	78	43	62	27	41	53	35	53	28	73	55	26	54	73	49	40	53	35	49	40	36	55	69	69	50	77	69	42	65	67	69	41	25	41	63	31	77	44	49	55	54	49	65	55	57	58	44	63	34	64	57	55	54	59	58	79	67	44	53	70	62	51	68	36	49	50	69	51	58	55	69	73	60	69	53	59	72	59	48	53	41	57	41	34	56	52	50	78	48	53	53	42	47	35	45	36	59	33	38	57	34	72	55	69	57	41	44	42	66	43	66	80	43	53	73	48	60	78	64	45	27	43	51	50	58	73	38	54	44	43	61	55	60	48	49	50	70	58	64	39	40	45	65	46	36	63	44	55	50	49	53	58	40	63	48	61	63	74	33	45	47	43	63	53	50	34	40	55	87	48	62	52	41	59	57	55	58	64	67	53	60	52	50	55	71	59	55	41	55	45	56	59	49	61	83	43	43	67	26	72	77	45	61	52	68	32	52	57	40	58	36	57	64	45	67	54	39	55	59	59	57	44	56	54	63	47	58	60	60	42	73	53	69	39	80	52	72	31	45	66	54	72	65	59	64	53	74	56	60	51	29	31	38	64	59	44	43	48	49	58	59	41	48	47	45	46	55	43	38	68	66	58	46	70	25	46	75	36	67	59	64	54	39	66	51	43	52	33	45	67	65	67	43	47	50	58	69	56	59	41	61	73	45	55	34	55	63	64	62	53	61	48	39	54	55	58	55	63	67	55	61	61	48	61	49	78	55	47	49	41	49	37	60	38	61	57	37	61	67	56	59	74
phototrophy	32	44	48	43	62	52	44	92	58	62	61	66	33	65	38	60	32	30	55	71	59	67	22	41	66	69	78	44	62	28	41	54	35	53	28	73	55	26	54	74	49	40	53	35	49	40	36	55	69	69	50	77	69	42	65	67	69	41	25	41	63	31	77	44	49	55	54	49	65	55	57	59	44	63	34	65	57	55	54	59	58	79	67	44	53	70	62	51	68	36	49	50	69	51	58	55	69	73	60	69	53	59	72	59	48	53	44	57	41	34	56	52	50	78	48	53	53	42	47	35	46	37	59	33	39	57	34	72	55	69	57	41	45	42	66	44	67	80	43	53	73	48	60	78	66	45	27	43	51	50	58	73	38	54	44	43	61	55	60	49	49	50	70	58	65	39	40	45	65	46	36	64	45	55	50	49	53	59	40	63	48	61	64	74	33	45	47	43	63	53	50	34	40	55	88	48	62	52	41	59	57	55	58	64	67	53	60	52	50	55	71	59	55	41	55	45	56	59	49	61	83	43	43	67	26	72	77	45	62	54	68	32	52	57	41	58	36	58	64	45	67	54	39	55	59	59	57	44	56	54	63	48	58	60	60	42	73	54	69	39	80	52	72	31	45	66	54	72	65	59	64	53	74	56	60	51	29	31	38	67	59	44	43	48	49	58	59	41	48	47	45	46	56	44	38	68	66	58	46	70	25	46	75	36	67	59	64	55	39	66	51	43	52	33	45	68	65	67	43	47	50	58	69	56	59	41	61	73	45	55	34	55	63	64	62	53	61	48	39	55	55	58	55	63	67	55	61	61	49	61	49	78	55	47	49	41	49	37	60	38	61	57	38	61	67	56	59	74
plastic_degradation	0	0	0	0	0	0	0	0	0	0	0	0	0	0	0	0	0	0	0	0	0	0	0	0	0	0	0	0	0	0	0	0	0	0	0	0	0	0	0	0	0	0	0	0	0	0	0	0	0	0	0	0	0	0	0	0	0	0	0	0	0	0	0	0	0	0	0	0	0	0	0	0	0	0	0	0	0	0	0	0	0	0	0	0	0	0	0	0	0	0	0	0	0	0	0	0	0	0	0	0	0	0	0	0	0	0	0	0	0	0	0	0	0	0	0	0	0	0	0	0	0	0	0	0	0	0	0	0	0	0	0	0	0	0	0	0	0	0	0	0	0	0	0	0	0	0	0	0	0	0	0	0	0	0	0	0	0	0	0	0	0	0	0	0	0	0	0	0	0	0	0	0	0	0	0	0	0	0	0	0	0	0	0	0	0	0	0	0	0	0	0	0	0	0	0	0	0	0	0	0	0	0	0	0	0	0	0	0	0	0	0	0	0	0	0	0	0	0	0	0	0	0	0	0	0	0	0	0	0	0	0	0	0	0	0	0	0	0	0	0	0	0	0	0	0	0	0	0	0	0	0	0	0	0	0	0	0	0	0	0	0	0	0	0	0	0	0	0	0	0	0	0	0	0	0	0	0	0	0	0	0	0	0	0	0	0	0	0	0	0	0	0	0	0	0	0	0	0	0	0	0	0	0	0	0	0	0	0	0	0	0	0	0	0	0	0	0	0	0	0	0	0	0	0	0	0	0	0	0	0	0	0	0	0	0	0	0	0	0	0	0	0	0	0	0	0	0	0	0	0	0	0	0	0	0	0	0	0	0	0	0	0	0	0	0	0	0	0
ureolysis	16	27	20	17	18	28	19	23	27	22	16	27	16	14	22	29	33	16	23	14	17	23	12	29	23	19	19	16	25	49	24	19	25	32	25	19	21	17	23	35	19	17	32	20	22	28	18	24	22	22	17	25	21	13	27	31	25	20	22	22	29	18	21	20	24	23	26	28	39	19	25	28	16	40	23	28	27	21	27	28	19	28	24	23	23	36	32	18	32	21	23	19	33	31	23	25	15	23	32	19	13	44	25	19	19	22	28	29	24	34	34	20	18	24	38	28	29	16	32	34	34	14	26	21	29	22	15	22	16	22	24	23	19	19	26	21	24	34	29	21	24	17	24	21	27	21	11	25	28	29	25	29	29	18	10	24	21	30	36	19	26	32	17	15	24	18	19	30	26	28	17	15	23	18	29	34	15	30	21	36	22	28	22	25	12	21	28	29	25	17	35	26	25	24	14	15	29	21	34	24	27	26	37	31	35	23	20	24	18	23	26	19	17	15	25	13	14	26	30	21	13	21	18	26	16	34	20	21	31	21	26	25	29	34	19	23	16	29	34	18	26	28	21	29	19	27	17	34	26	19	18	24	27	32	30	30	27	18	18	23	22	13	25	21	23	23	26	30	17	25	25	25	21	18	31	16	23	21	12	18	22	20	31	28	22	24	35	21	40	18	24	31	23	25	30	32	33	25	21	26	11	12	30	31	25	22	22	21	33	29	31	25	25	17	15	22	21	29	15	21	17	17	23	15	29	18	21	15	28	20	21	19	30	21	23	23	27	21	15	28	17	22	23	31	17	13	28	24	30	15	33	25	24	39	30	13	22	24	25	25	33	38	20	33	33	17	25	30
reductive_acetogenesis	0	0	0	0	0	0	0	0	0	0	0	0	0	0	0	0	0	0	0	0	0	0	0	0	0	0	0	0	0	0	0	0	0	0	0	0	0	0	0	0	0	0	0	0	0	0	0	0	0	0	0	0	0	0	0	0	0	0	0	0	0	0	0	0	0	0	0	0	0	0	0	0	0	0	0	0	0	0	0	0	0	0	0	0	0	0	0	0	0	0	0	0	0	0	0	0	0	0	0	0	0	0	0	0	0	0	0	0	0	0	0	0	0	0	0	0	0	0	0	0	0	0	0	0	0	0	0	0	0	0	0	0	0	0	0	0	0	0	0	0	0	0	0	0	0	0	0	0	0	0	0	0	0	0	0	0	0	0	0	0	0	0	0	0	0	0	0	0	0	0	0	0	0	0	0	0	0	0	0	0	0	0	0	0	0	0	0	0	0	0	0	0	0	0	0	0	0	0	0	0	0	0	0	0	0	0	0	0	0	0	0	0	0	0	0	0	0	0	0	0	0	0	0	0	0	0	0	0	0	0	0	0	0	0	0	0	0	0	0	0	0	0	0	0	0	0	0	0	0	0	0	0	0	0	0	0	0	0	0	0	0	0	0	0	0	0	0	0	0	0	0	0	0	0	0	0	0	0	0	0	0	0	0	0	0	0	0	0	0	0	0	0	0	0	0	0	0	0	0	0	0	0	0	0	0	0	0	0	0	0	0	0	0	0	0	0	0	0	0	0	0	0	0	0	0	0	0	0	0	0	0	0	0	0	0	0	0	0	0	0	0	0	0	0	0	0	0	0	0	0	0	0	0	0	0	0	0	0	0	0	0	0	0	0	0	0	0	0
chemoheterotrophy	1336	1040	1375	1130	1011	1505	1270	1215	1110	1141	1128	1606	1138	1437	1161	1393	1260	1065	1274	925	997	1413	898	1698	1183	1453	1623	1084	1510	966	1007	1058	1323	1627	1125	1172	1192	1585	1215	1320	1189	1041	1306	1430	1362	1288	1527	1277	1096	1182	1416	1221	1444	1371	1103	1232	1330	1212	1081	1196	1066	1221	1378	1377	1043	993	1471	1412	1289	939	1333	1318	1309	1303	1440	1376	1060	1351	1705	1583	1577	1195	1141	1444	1166	1152	1303	1492	1165	1085	1623	1399	1214	1207	1498	1398	1177	1282	1366	1452	1053	1357	1097	1104	1216	1067	1511	1596	1637	1217	1462	1477	1232	1579	1283	1744	1663	1526	1513	1472	1084	1401	1154	1540	1112	1290	1538	1590	1112	1376	970	1401	1050	1067	1155	1436	1322	1330	1476	1245	1229	1198	1408	1288	1529	1469	1027	1333	1309	1451	1121	1361	1424	1428	1165	1078	1425	1260	1203	1066	1166	1054	1124	1241	1439	1324	1281	1505	1431	1592	1590	1254	1115	1003	1215	1353	949	1011	1162	1159	1179	1230	1322	1185	993	1465	1248	1182	1583	1158	1269	1352	1491	1167	1250	1473	1211	1305	1215	1573	1083	1237	1522	1274	1329	1154	919	1525	1500	1336	1498	1187	981	933	1107	1375	1279	1241	1477	1106	1101	1142	1399	1144	1352	1333	1160	1207	1483	976	1294	1275	1190	1122	1046	1524	977	1351	1304	1223	1177	1364	1236	1263	1595	1009	1206	1692	1307	1590	1071	1187	1552	1283	1283	1185	1541	1522	1049	1300	1210	1402	1555	1434	1156	1190	1633	1259	1246	1313	1153	1477	1554	905	1641	1196	1370	891	1175	1088	1208	1074	1147	1365	1310	1558	1493	1264	805	1149	1197	1403	1036	1318	1243	1335	1666	1198	1384	1339	1177	1018	1153	1164	1417	965	1291	1187	1106	1256	1208	1090	1623	1032	1512	1143	1583	1040	981	1395	1132	1534	1268	1239	1533	1580	1120	1080	1157	1587	1622	1113	1355	1041	1718	1285	1278	944	1371	1087	1187	1291	1325	1501	1528	1466	1434	1274	1319	1221	1095	1453	1188	1096	1055	1358	1234	1326	1252	1256	1459	1036	1246	1450	1626	1061	1511	1444
